group	taxa	abund	relative_abund
GRUPO_1	;;;;;;;;0	10	3.280473962878157e-5
GRUPO_1	Bacteria;;;;;;;;0.85	10	3.280473962878157e-5
GRUPO_1	Bacteria;;;;;;;;0.89	11	3.6085213591659724e-5
GRUPO_1	Bacteria;;;;;;;;0.9	107	3.5101071402796275e-4
GRUPO_1	Bacteria;;;;;;;;0.91	0	0
GRUPO_1	Bacteria;;;;;;;;0.92	6	1.968284377726894e-5
GRUPO_1	Bacteria;;;;;;;;0.93	0	0
GRUPO_1	Bacteria;;;;;;;;0.94	0	0
GRUPO_1	Bacteria;;;;;;;;0.95	32	1.0497516681210101e-4
GRUPO_1	Bacteria;;;;;;;;0.96	0	0
GRUPO_1	Bacteria;;;;;;;;0.97	0	0
GRUPO_1	Bacteria;;;;;;;;0.98	281	9.21813183568762e-4
GRUPO_1	Bacteria;;;;;;;;0.99	0	0
GRUPO_1	Bacteria;;;;;;;;1	277	9.086912877172494e-4
GRUPO_1	Bacteria;Abditibacteriota;Abditibacteria;Abditibacteriales;Abditibacteriaceae;Abditibacterium;;;1	5	1.6402369814390784e-5
GRUPO_1	Bacteria;Acidobacteriota;Acidobacteriae;Acidobacteriales;Acidobacteriaceae (Subgroup 1);Acidipila-Silvibacterium;;;0.56	24	7.873137510907576e-5
GRUPO_1	Bacteria;Acidobacteriota;Acidobacteriae;Acidobacteriales;Acidobacteriaceae (Subgroup 1);Bryocella;;;0.64	407	0.0013351529028914097
GRUPO_1	Bacteria;Acidobacteriota;Acidobacteriae;Acidobacteriales;Acidobacteriaceae (Subgroup 1);Edaphobacter;;;0.93	87	2.8540123477039964e-4
GRUPO_1	Bacteria;Acidobacteriota;Acidobacteriae;Acidobacteriales;Acidobacteriaceae (Subgroup 1);Granulicella;;acidiphila;0.65	65	2.1323080758708018e-4
GRUPO_1	Bacteria;Acidobacteriota;Acidobacteriae;Acidobacteriales;Acidobacteriaceae (Subgroup 1);Terriglobus;;;0.98	0	0
GRUPO_1	Bacteria;Acidobacteriota;Acidobacteriae;Acidobacteriales;Acidobacteriaceae (Subgroup 1);Terriglobus;;roseus;0.95	45	1.4762132832951705e-4
GRUPO_1	Bacteria;Acidobacteriota;Acidobacteriae;Acidobacteriales;Acidobacteriaceae (Subgroup 1);Terriglobus;;tenax;0.7	474	0.0015549446584042462
GRUPO_1	Bacteria;Actinobacteriota;Actinobacteria;;;;;;0.61	0	0
GRUPO_1	Bacteria;Actinobacteriota;Actinobacteria;;;;;;1	0	0
GRUPO_1	Bacteria;Actinobacteriota;Actinobacteria;Corynebacteriales;Corynebacteriaceae;Corynebacterium;efficiens;efficiens;0.59	18	5.904853133180682e-5
GRUPO_1	Bacteria;Actinobacteriota;Actinobacteria;Frankiales;Geodermatophilaceae;;;;0.55	0	0
GRUPO_1	Bacteria;Actinobacteriota;Actinobacteria;Kineosporiales;Kineosporiaceae;;;;0.74	13	4.264616151741604e-5
GRUPO_1	Bacteria;Actinobacteriota;Actinobacteria;Kineosporiales;Kineosporiaceae;Kineococcus;radiotolerans;;0.62	87	2.8540123477039964e-4
GRUPO_1	Bacteria;Actinobacteriota;Actinobacteria;Kineosporiales;Kineosporiaceae;Kineococcus;rhizosphaerae;;0.53	75	2.4603554721586173e-4
GRUPO_1	Bacteria;Actinobacteriota;Actinobacteria;Kineosporiales;Kineosporiaceae;Kineosporia;;;0.89	0	0
GRUPO_1	Bacteria;Actinobacteriota;Actinobacteria;Micrococcales;Microbacteriaceae;;;;0.91	16	5.248758340605051e-5
GRUPO_1	Bacteria;Actinobacteriota;Actinobacteria;Micrococcales;Microbacteriaceae;;;;0.94	152	4.986320423574798e-4
GRUPO_1	Bacteria;Actinobacteriota;Actinobacteria;Micrococcales;Microbacteriaceae;;;;0.95	0	0
GRUPO_1	Bacteria;Actinobacteriota;Actinobacteria;Micrococcales;Microbacteriaceae;Amnibacterium;;;0.59	143	4.691077766915764e-4
GRUPO_1	Bacteria;Actinobacteriota;Actinobacteria;Micrococcales;Microbacteriaceae;Amnibacterium;;soli;0.56	41	1.3449943247800442e-4
GRUPO_1	Bacteria;Actinobacteriota;Actinobacteria;Micrococcales;Microbacteriaceae;Curtobacterium;;;0.7	6	1.968284377726894e-5
GRUPO_1	Bacteria;Actinobacteriota;Actinobacteria;Micrococcales;Microbacteriaceae;Curtobacterium;;;0.71	0	0
GRUPO_1	Bacteria;Actinobacteriota;Actinobacteria;Micrococcales;Microbacteriaceae;Curtobacterium;flaccumfaciens;;0.67	2705	0.008873682069585413
GRUPO_1	Bacteria;Actinobacteriota;Actinobacteria;Propionibacteriales;Nocardioidaceae;Nocardioides;;;0.81	0	0
GRUPO_1	Bacteria;Actinobacteriota;Actinobacteria;Propionibacteriales;Propionibacteriaceae;Cutibacterium;acnes;;0.99	21	6.888995322044128e-5
GRUPO_1	Bacteria;Actinobacteriota;Actinobacteria;Pseudonocardiales;Pseudonocardiaceae;Actinomycetospora;chiangmaiensis;;0.73	0	0
GRUPO_1	Bacteria;Actinobacteriota;Thermoleophilia;Solirubrobacterales;Solirubrobacteraceae;Conexibacter;;;0.51	0	0
GRUPO_1	Bacteria;Armatimonadota;Fimbriimonadia;Fimbriimonadales;Fimbriimonadaceae;;;;1	11	3.6085213591659724e-5
GRUPO_1	Bacteria;Armatimonadota;Fimbriimonadia;Fimbriimonadales;Fimbriimonadaceae;Fimbriimonas;;;0.59	0	0
GRUPO_1	Bacteria;Armatimonadota;Fimbriimonadia;Fimbriimonadales;Fimbriimonadaceae;Fimbriimonas;;;0.69	0	0
GRUPO_1	Bacteria;Armatimonadota;Fimbriimonadia;Fimbriimonadales;Fimbriimonadaceae;Fimbriimonas;;;0.74	0	0
GRUPO_1	Bacteria;Bacteroidota;Bacteroidia;Chitinophagales;Chitinophagaceae;;;;0.88	0	0
GRUPO_1	Bacteria;Bacteroidota;Bacteroidia;Chitinophagales;Chitinophagaceae;Edaphobaculum;;;0.91	0	0
GRUPO_1	Bacteria;Bacteroidota;Bacteroidia;Chitinophagales;Chitinophagaceae;Sediminibacterium;;salmoneum;0.95	0	0
GRUPO_1	Bacteria;Bacteroidota;Bacteroidia;Cytophagales;Cytophagaceae;Siphonobacter;;;1	0	0
GRUPO_1	Bacteria;Bacteroidota;Bacteroidia;Cytophagales;Hymenobacteraceae;Hymenobacter;;;0.89	206	6.757776363529003e-4
GRUPO_1	Bacteria;Bacteroidota;Bacteroidia;Cytophagales;Hymenobacteraceae;Hymenobacter;;;0.94	23	7.54509011461976e-5
GRUPO_1	Bacteria;Bacteroidota;Bacteroidia;Cytophagales;Hymenobacteraceae;Hymenobacter;;;0.95	212	6.954604801301692e-4
GRUPO_1	Bacteria;Bacteroidota;Bacteroidia;Cytophagales;Hymenobacteraceae;Hymenobacter;;;0.96	48	1.5746275021815152e-4
GRUPO_1	Bacteria;Bacteroidota;Bacteroidia;Cytophagales;Hymenobacteraceae;Hymenobacter;;;0.99	170	5.576805736892867e-4
GRUPO_1	Bacteria;Bacteroidota;Bacteroidia;Cytophagales;Hymenobacteraceae;Hymenobacter;;;1	188	6.167291050210935e-4
GRUPO_1	Bacteria;Bacteroidota;Bacteroidia;Cytophagales;Hymenobacteraceae;Hymenobacter;marinus;;0.54	0	0
GRUPO_1	Bacteria;Bacteroidota;Bacteroidia;Cytophagales;Hymenobacteraceae;Hymenobacter;marinus;;0.56	145	4.756687246173327e-4
GRUPO_1	Bacteria;Bacteroidota;Bacteroidia;Cytophagales;Hymenobacteraceae;Hymenobacter;marinus;;0.68	0	0
GRUPO_1	Bacteria;Bacteroidota;Bacteroidia;Cytophagales;Hymenobacteraceae;Hymenobacter;marinus;marinus;0.92	0	0
GRUPO_1	Bacteria;Bacteroidota;Bacteroidia;Cytophagales;Hymenobacteraceae;Hymenobacter;rivuli;;0.76	358	0.0011744096787103802
GRUPO_1	Bacteria;Bacteroidota;Bacteroidia;Cytophagales;Spirosomaceae;;;;0.86	0	0
GRUPO_1	Bacteria;Bacteroidota;Bacteroidia;Cytophagales;Spirosomaceae;;;;0.89	0	0
GRUPO_1	Bacteria;Bacteroidota;Bacteroidia;Cytophagales;Spirosomaceae;Larkinella;insperata;insperata;0.79	0	0
GRUPO_1	Bacteria;Bacteroidota;Bacteroidia;Cytophagales;Spirosomaceae;Spirosoma;;;0.54	0	0
GRUPO_1	Bacteria;Bacteroidota;Bacteroidia;Cytophagales;Spirosomaceae;Spirosoma;;;0.72	22	7.217042718331945e-5
GRUPO_1	Bacteria;Bacteroidota;Bacteroidia;Cytophagales;Spirosomaceae;Spirosoma;;;0.95	0	0
GRUPO_1	Bacteria;Bacteroidota;Bacteroidia;Cytophagales;Spirosomaceae;Spirosoma;oryzae;;0.77	4	1.3121895851512627e-5
GRUPO_1	Bacteria;Bacteroidota;Bacteroidia;Cytophagales;Spirosomaceae;Spirosoma;oryzae;oryzae;0.92	0	0
GRUPO_1	Bacteria;Bacteroidota;Bacteroidia;Flavobacteriales;Blattabacteriaceae;Candidatus Uzinura;;;0.85	5	1.6402369814390784e-5
GRUPO_1	Bacteria;Bacteroidota;Bacteroidia;Flavobacteriales;Blattabacteriaceae;Candidatus Uzinura;;;0.95	23	7.54509011461976e-5
GRUPO_1	Bacteria;Bacteroidota;Bacteroidia;Flavobacteriales;Blattabacteriaceae;Candidatus Uzinura;;;0.98	31	1.0169469284922285e-4
GRUPO_1	Bacteria;Bacteroidota;Bacteroidia;Flavobacteriales;Blattabacteriaceae;Candidatus Uzinura;;;0.99	142	4.6582730272869827e-4
GRUPO_1	Bacteria;Bacteroidota;Bacteroidia;Flavobacteriales;Blattabacteriaceae;Candidatus Uzinura;;;1	263494	0.864385206374617
GRUPO_1	Bacteria;Bacteroidota;Bacteroidia;Flavobacteriales;Flavobacteriaceae;Myroides;;;0.61	0	0
GRUPO_1	Bacteria;Bacteroidota;Bacteroidia;Flavobacteriales;Flavobacteriaceae;Spongiimonas;;;1	0	0
GRUPO_1	Bacteria;Bacteroidota;Bacteroidia;Flavobacteriales;Weeksellaceae;Chryseobacterium;;;1	0	0
GRUPO_1	Bacteria;Bacteroidota;Bacteroidia;Flavobacteriales;Weeksellaceae;Elizabethkingia;;;0.98	0	0
GRUPO_1	Bacteria;Bacteroidota;Bacteroidia;Flavobacteriales;Weeksellaceae;Empedobacter;;;0.87	0	0
GRUPO_1	Bacteria;Bacteroidota;Bacteroidia;Sphingobacteriales;Sphingobacteriaceae;Arcticibacter;;;0.71	11	3.6085213591659724e-5
GRUPO_1	Bacteria;Bacteroidota;Bacteroidia;Sphingobacteriales;Sphingobacteriaceae;Mucilaginibacter;;;0.62	0	0
GRUPO_1	Bacteria;Bacteroidota;Bacteroidia;Sphingobacteriales;Sphingobacteriaceae;Mucilaginibacter;;;0.76	0	0
GRUPO_1	Bacteria;Bacteroidota;Bacteroidia;Sphingobacteriales;Sphingobacteriaceae;Mucilaginibacter;;;0.91	0	0
GRUPO_1	Bacteria;Bacteroidota;Bacteroidia;Sphingobacteriales;Sphingobacteriaceae;Mucilaginibacter;;;0.92	0	0
GRUPO_1	Bacteria;Bacteroidota;Bacteroidia;Sphingobacteriales;Sphingobacteriaceae;Mucilaginibacter;;;1	0	0
GRUPO_1	Bacteria;Bacteroidota;Bacteroidia;Sphingobacteriales;Sphingobacteriaceae;Mucilaginibacter;koreensis;;0.58	0	0
GRUPO_1	Bacteria;Bacteroidota;Bacteroidia;Sphingobacteriales;Sphingobacteriaceae;Mucilaginibacter;koreensis;;0.68	228	7.479480635362197e-4
GRUPO_1	Bacteria;Bacteroidota;Bacteroidia;Sphingobacteriales;Sphingobacteriaceae;Mucilaginibacter;koreensis;;0.69	0	0
GRUPO_1	Bacteria;Bacteroidota;Bacteroidia;Sphingobacteriales;Sphingobacteriaceae;Mucilaginibacter;koreensis;;0.88	0	0
GRUPO_1	Bacteria;Bacteroidota;Bacteroidia;Sphingobacteriales;Sphingobacteriaceae;Mucilaginibacter;terrae;terrae;0.69	0	0
GRUPO_1	Bacteria;Bacteroidota;Bacteroidia;Sphingobacteriales;Sphingobacteriaceae;Pedobacter;nutrimenti;nutrimenti;0.61	12	3.936568755453788e-5
GRUPO_1	Bacteria;Bdellovibrionota;Bdellovibrionia;Bdellovibrionales;Bdellovibrionaceae;Bdellovibrio;;;0.74	0	0
GRUPO_1	Bacteria;Bdellovibrionota;Bdellovibrionia;Bdellovibrionales;Bdellovibrionaceae;Bdellovibrio;;;0.83	4	1.3121895851512627e-5
GRUPO_1	Bacteria;Bdellovibrionota;Oligoflexia;0319-6G20;;;;;0.86	0	0
GRUPO_1	Bacteria;Cyanobacteria;Cyanobacteriia;Synechococcales;Cyanobiaceae;Cyanobium PCC-6307;;;0.63	0	0
GRUPO_1	Bacteria;Firmicutes;Bacilli;Erysipelotrichales;Erysipelotrichaceae;ZOR0006;;;0.73	0	0
GRUPO_1	Bacteria;Firmicutes;Bacilli;Staphylococcales;Staphylococcaceae;Staphylococcus;;;1	0	0
GRUPO_1	Bacteria;Firmicutes;Bacilli;Staphylococcales;Staphylococcaceae;Staphylococcus;warneri;;0.74	0	0
GRUPO_1	Bacteria;Patescibacteria;Saccharimonadia;Saccharimonadales;Saccharimonadaceae;TM7a;;;0.83	0	0
GRUPO_1	Bacteria;Planctomycetota;Phycisphaerae;Tepidisphaerales;Tepidisphaeraceae;Tepidisphaera;;;1	0	0
GRUPO_1	Bacteria;Planctomycetota;Planctomycetes;Gemmatales;Gemmataceae;;;;1	0	0
GRUPO_1	Bacteria;Planctomycetota;Planctomycetes;Isosphaerales;Isosphaeraceae;;;;0.9	0	0
GRUPO_1	Bacteria;Planctomycetota;Planctomycetes;Isosphaerales;Isosphaeraceae;;;;0.95	0	0
GRUPO_1	Bacteria;Planctomycetota;Planctomycetes;Isosphaerales;Isosphaeraceae;Tundrisphaera;;;0.81	61	2.0010891173556755e-4
GRUPO_1	Bacteria;Planctomycetota;Planctomycetes;Isosphaerales;Isosphaeraceae;Tundrisphaera;;;0.93	9	2.952426566590341e-5
GRUPO_1	Bacteria;Planctomycetota;Planctomycetes;Isosphaerales;Isosphaeraceae;Tundrisphaera;;;0.97	24	7.873137510907576e-5
GRUPO_1	Bacteria;Proteobacteria;Alphaproteobacteria;;;;;;0.9	0	0
GRUPO_1	Bacteria;Proteobacteria;Alphaproteobacteria;;;;;;0.91	0	0
GRUPO_1	Bacteria;Proteobacteria;Alphaproteobacteria;Acetobacterales;Acetobacteraceae;;;;0.94	94	3.0836455251054674e-4
GRUPO_1	Bacteria;Proteobacteria;Alphaproteobacteria;Acetobacterales;Acetobacteraceae;;;;0.99	21	6.888995322044128e-5
GRUPO_1	Bacteria;Proteobacteria;Alphaproteobacteria;Acetobacterales;Acetobacteraceae;;;;1	0	0
GRUPO_1	Bacteria;Proteobacteria;Alphaproteobacteria;Acetobacterales;Acetobacteraceae;Acetobacter;pasteurianus;;0.8	0	0
GRUPO_1	Bacteria;Proteobacteria;Alphaproteobacteria;Acetobacterales;Acetobacteraceae;Belnapia;;;0.81	0	0
GRUPO_1	Bacteria;Proteobacteria;Alphaproteobacteria;Acetobacterales;Acetobacteraceae;Rhodovastum;;;0.75	66	2.1651128154995833e-4
GRUPO_1	Bacteria;Proteobacteria;Alphaproteobacteria;Acetobacterales;Acetobacteraceae;Rhodovastum;;;0.81	0	0
GRUPO_1	Bacteria;Proteobacteria;Alphaproteobacteria;Acetobacterales;Acetobacteraceae;Roseomonas;cervicalis;;0.72	0	0
GRUPO_1	Bacteria;Proteobacteria;Alphaproteobacteria;Caedibacterales;Caedibacteraceae;Caedibacter;;;0.87	0	0
GRUPO_1	Bacteria;Proteobacteria;Alphaproteobacteria;Caedibacterales;Caedibacteraceae;Caedibacter;;;0.95	23	7.54509011461976e-5
GRUPO_1	Bacteria;Proteobacteria;Alphaproteobacteria;Caedibacterales;Caedibacteraceae;Caedibacter;;;0.99	0	0
GRUPO_1	Bacteria;Proteobacteria;Alphaproteobacteria;Caulobacterales;Caulobacteraceae;;;;0.96	77	2.525964951416181e-4
GRUPO_1	Bacteria;Proteobacteria;Alphaproteobacteria;Caulobacterales;Caulobacteraceae;;;;1	630	0.0020666985966132385
GRUPO_1	Bacteria;Proteobacteria;Alphaproteobacteria;Caulobacterales;Caulobacteraceae;Caulobacter;;;0.56	23	7.54509011461976e-5
GRUPO_1	Bacteria;Proteobacteria;Alphaproteobacteria;Holosporales;Holosporaceae;;;;0.52	0	0
GRUPO_1	Bacteria;Proteobacteria;Alphaproteobacteria;Micavibrionales;Micavibrionaceae;;;;0.54	10	3.280473962878157e-5
GRUPO_1	Bacteria;Proteobacteria;Alphaproteobacteria;Rhizobiales;Beijerinckiaceae;1174-901-12;;;0.78	3624	0.01188843764147044
GRUPO_1	Bacteria;Proteobacteria;Alphaproteobacteria;Rhizobiales;Beijerinckiaceae;1174-901-12;;;0.93	4	1.3121895851512627e-5
GRUPO_1	Bacteria;Proteobacteria;Alphaproteobacteria;Rhizobiales;Beijerinckiaceae;;;;0.64	12	3.936568755453788e-5
GRUPO_1	Bacteria;Proteobacteria;Alphaproteobacteria;Rhizobiales;Beijerinckiaceae;;;;0.65	19	6.232900529468497e-5
GRUPO_1	Bacteria;Proteobacteria;Alphaproteobacteria;Rhizobiales;Beijerinckiaceae;;;;0.71	36	1.1809706266361364e-4
GRUPO_1	Bacteria;Proteobacteria;Alphaproteobacteria;Rhizobiales;Beijerinckiaceae;;;;0.82	0	0
GRUPO_1	Bacteria;Proteobacteria;Alphaproteobacteria;Rhizobiales;Beijerinckiaceae;Beijerinckia;;mobilis;0.79	3358	0.01101583156734485
GRUPO_1	Bacteria;Proteobacteria;Alphaproteobacteria;Rhizobiales;Beijerinckiaceae;Bosea;;;0.66	0	0
GRUPO_1	Bacteria;Proteobacteria;Alphaproteobacteria;Rhizobiales;Beijerinckiaceae;Camelimonas;;;0.52	0	0
GRUPO_1	Bacteria;Proteobacteria;Alphaproteobacteria;Rhizobiales;Beijerinckiaceae;Methylobacterium-Methylorubrum;;;0.55	0	0
GRUPO_1	Bacteria;Proteobacteria;Alphaproteobacteria;Rhizobiales;Beijerinckiaceae;Methylobacterium-Methylorubrum;;;0.89	1620	0.005314367819862614
GRUPO_1	Bacteria;Proteobacteria;Alphaproteobacteria;Rhizobiales;Beijerinckiaceae;Methylobacterium-Methylorubrum;;;1	5	1.6402369814390784e-5
GRUPO_1	Bacteria;Proteobacteria;Alphaproteobacteria;Rhizobiales;Beijerinckiaceae;Methylobacterium-Methylorubrum;aquaticum;;0.99	96	3.1492550043630304e-4
GRUPO_1	Bacteria;Proteobacteria;Alphaproteobacteria;Rhizobiales;Beijerinckiaceae;Methylobacterium-Methylorubrum;brachiatum;;0.69	2492	0.008174941115492365
GRUPO_1	Bacteria;Proteobacteria;Alphaproteobacteria;Rhizobiales;Beijerinckiaceae;Methylobacterium-Methylorubrum;extorquens;;0.99	27	8.857279699771022e-5
GRUPO_1	Bacteria;Proteobacteria;Alphaproteobacteria;Rhizobiales;Pleomorphomonadaceae;;;;0.51	292	9.578983971604217e-4
GRUPO_1	Bacteria;Proteobacteria;Alphaproteobacteria;Rhizobiales;Rhizobiaceae;Allorhizobium-Neorhizobium-Pararhizobium-Rhizobium;daejeonense;;0.55	0	0
GRUPO_1	Bacteria;Proteobacteria;Alphaproteobacteria;Rhizobiales;Rhizobiaceae;Aureimonas;;;0.82	23	7.54509011461976e-5
GRUPO_1	Bacteria;Proteobacteria;Alphaproteobacteria;Rhizobiales;Rhizobiaceae;Brucella;melitensis;;1	0	0
GRUPO_1	Bacteria;Proteobacteria;Alphaproteobacteria;Rhodobacterales;Rhodobacteraceae;;;;1	0	0
GRUPO_1	Bacteria;Proteobacteria;Alphaproteobacteria;Rickettsiales;;;;;0.77	0	0
GRUPO_1	Bacteria;Proteobacteria;Alphaproteobacteria;Rickettsiales;AB1;;;;0.8	0	0
GRUPO_1	Bacteria;Proteobacteria;Alphaproteobacteria;Rickettsiales;AB1;;;;0.84	18	5.904853133180682e-5
GRUPO_1	Bacteria;Proteobacteria;Alphaproteobacteria;Rickettsiales;Rickettsiaceae;Candidatus Megaira;;;0.5	12	3.936568755453788e-5
GRUPO_1	Bacteria;Proteobacteria;Alphaproteobacteria;Rickettsiales;Rickettsiaceae;Candidatus Trichorickettsia;mobilis;;0.83	0	0
GRUPO_1	Bacteria;Proteobacteria;Alphaproteobacteria;Sphingomonadales;Sphingomonadaceae;;;;0.95	9	2.952426566590341e-5
GRUPO_1	Bacteria;Proteobacteria;Alphaproteobacteria;Sphingomonadales;Sphingomonadaceae;;;;0.99	0	0
GRUPO_1	Bacteria;Proteobacteria;Alphaproteobacteria;Sphingomonadales;Sphingomonadaceae;;;;1	382	0.0012531410538194558
GRUPO_1	Bacteria;Proteobacteria;Alphaproteobacteria;Sphingomonadales;Sphingomonadaceae;Sphingomonas;;;0.52	0	0
GRUPO_1	Bacteria;Proteobacteria;Alphaproteobacteria;Sphingomonadales;Sphingomonadaceae;Sphingomonas;;;0.53	760	0.002493160211787399
GRUPO_1	Bacteria;Proteobacteria;Alphaproteobacteria;Sphingomonadales;Sphingomonadaceae;Sphingomonas;;;0.54	2196	0.007203920822480432
GRUPO_1	Bacteria;Proteobacteria;Alphaproteobacteria;Sphingomonadales;Sphingomonadaceae;Sphingomonas;;;0.56	559	0.0018337849452488896
GRUPO_1	Bacteria;Proteobacteria;Alphaproteobacteria;Sphingomonadales;Sphingomonadaceae;Sphingomonas;;;0.62	218	7.151433239074381e-4
GRUPO_1	Bacteria;Proteobacteria;Alphaproteobacteria;Sphingomonadales;Sphingomonadaceae;Sphingomonas;;;0.77	2376	0.0077944061357985
GRUPO_1	Bacteria;Proteobacteria;Alphaproteobacteria;Sphingomonadales;Sphingomonadaceae;Sphingomonas;;;0.8	1012	0.0033198396504326945
GRUPO_1	Bacteria;Proteobacteria;Alphaproteobacteria;Sphingomonadales;Sphingomonadaceae;Sphingomonas;;;0.84	2597	0.008519390881594573
GRUPO_1	Bacteria;Proteobacteria;Alphaproteobacteria;Sphingomonadales;Sphingomonadaceae;Sphingomonas;parapaucimobilis;;0.56	1373	0.004504090751031709
GRUPO_1	Bacteria;Proteobacteria;Alphaproteobacteria;Sphingomonadales;Sphingomonadaceae;Sphingomonas;phyllosphaerae;;0.58	0	0
GRUPO_1	Bacteria;Proteobacteria;Alphaproteobacteria;Sphingomonadales;Sphingomonadaceae;Sphingopyxis;;;0.78	94	3.0836455251054674e-4
GRUPO_1	Bacteria;Proteobacteria;Gammaproteobacteria;;;;;;0.5	0	0
GRUPO_1	Bacteria;Proteobacteria;Gammaproteobacteria;;;;;;0.89	0	0
GRUPO_1	Bacteria;Proteobacteria;Gammaproteobacteria;;;;;;1	0	0
GRUPO_1	Bacteria;Proteobacteria;Gammaproteobacteria;Burkholderiales;;;;;0.87	0	0
GRUPO_1	Bacteria;Proteobacteria;Gammaproteobacteria;Burkholderiales;Burkholderiaceae;Burkholderia-Caballeronia-Paraburkholderia;insecticola;;0.8	0	0
GRUPO_1	Bacteria;Proteobacteria;Gammaproteobacteria;Burkholderiales;Burkholderiaceae;Ralstonia;pickettii;;0.92	0	0
GRUPO_1	Bacteria;Proteobacteria;Gammaproteobacteria;Burkholderiales;Comamonadaceae;;;;0.92	0	0
GRUPO_1	Bacteria;Proteobacteria;Gammaproteobacteria;Burkholderiales;Comamonadaceae;;;;1	0	0
GRUPO_1	Bacteria;Proteobacteria;Gammaproteobacteria;Burkholderiales;Comamonadaceae;Comamonas;testosteroni;;1	0	0
GRUPO_1	Bacteria;Proteobacteria;Gammaproteobacteria;Burkholderiales;Comamonadaceae;Pelomonas;;;0.95	6	1.968284377726894e-5
GRUPO_1	Bacteria;Proteobacteria;Gammaproteobacteria;Burkholderiales;Comamonadaceae;Pelomonas;puraquae;;0.57	0	0
GRUPO_1	Bacteria;Proteobacteria;Gammaproteobacteria;Burkholderiales;Comamonadaceae;Xylophilus;;;0.55	0	0
GRUPO_1	Bacteria;Proteobacteria;Gammaproteobacteria;Burkholderiales;Oxalobacteraceae;;;;0.89	67	2.197917555128365e-4
GRUPO_1	Bacteria;Proteobacteria;Gammaproteobacteria;Burkholderiales;Oxalobacteraceae;;;;0.97	0	0
GRUPO_1	Bacteria;Proteobacteria;Gammaproteobacteria;Burkholderiales;Oxalobacteraceae;Candidatus Profftella;;;0.72	3657	0.011996693282245419
GRUPO_1	Bacteria;Proteobacteria;Gammaproteobacteria;Burkholderiales;Oxalobacteraceae;Massilia;;;0.52	3471	0.011386525125150081
GRUPO_1	Bacteria;Proteobacteria;Gammaproteobacteria;Burkholderiales;Oxalobacteraceae;Massilia;;;0.57	23	7.54509011461976e-5
GRUPO_1	Bacteria;Proteobacteria;Gammaproteobacteria;Burkholderiales;Oxalobacteraceae;Massilia;;;0.6	0	0
GRUPO_1	Bacteria;Proteobacteria;Gammaproteobacteria;Burkholderiales;Oxalobacteraceae;Massilia;;;0.8	0	0
GRUPO_1	Bacteria;Proteobacteria;Gammaproteobacteria;Burkholderiales;Oxalobacteraceae;Massilia;;;0.83	0	0
GRUPO_1	Bacteria;Proteobacteria;Gammaproteobacteria;Burkholderiales;Oxalobacteraceae;Massilia;;;0.96	1964	0.0064428508630927
GRUPO_1	Bacteria;Proteobacteria;Gammaproteobacteria;Burkholderiales;Oxalobacteraceae;Massilia;;agri;0.87	0	0
GRUPO_1	Bacteria;Proteobacteria;Gammaproteobacteria;Burkholderiales;Oxalobacteraceae;Massilia;aerilata;;0.51	590	0.0019354796380981125
GRUPO_1	Bacteria;Proteobacteria;Gammaproteobacteria;Burkholderiales;Oxalobacteraceae;Massilia;aerilata;;0.53	183	6.003267352067027e-4
GRUPO_1	Bacteria;Proteobacteria;Gammaproteobacteria;Burkholderiales;Oxalobacteraceae;Massilia;pinisoli;pinisoli;0.55	0	0
GRUPO_1	Bacteria;Proteobacteria;Gammaproteobacteria;Burkholderiales;Oxalobacteraceae;Massilia;putida;;0.75	2	6.5609479257563134e-6
GRUPO_1	Bacteria;Proteobacteria;Gammaproteobacteria;Burkholderiales;Oxalobacteraceae;Massilia;putida;;0.86	19	6.232900529468497e-5
GRUPO_1	Bacteria;Proteobacteria;Gammaproteobacteria;Burkholderiales;Oxalobacteraceae;Massilia;timonae;;0.51	0	0
GRUPO_1	Bacteria;Proteobacteria;Gammaproteobacteria;Burkholderiales;Oxalobacteraceae;Massilia;timonae;;0.93	0	0
GRUPO_1	Bacteria;Proteobacteria;Gammaproteobacteria;Enterobacterales;;;;;0.93	0	0
GRUPO_1	Bacteria;Proteobacteria;Gammaproteobacteria;Enterobacterales;Erwiniaceae;Pantoea;dispersa;;0.86	0	0
GRUPO_1	Bacteria;Proteobacteria;Gammaproteobacteria;Pseudomonadales;Moraxellaceae;Acinetobacter;johnsonii;;0.79	0	0
GRUPO_1	Bacteria;Proteobacteria;Gammaproteobacteria;Pseudomonadales;Moraxellaceae;Acinetobacter;junii;;0.88	6	1.968284377726894e-5
GRUPO_1	Bacteria;Proteobacteria;Gammaproteobacteria;Pseudomonadales;Moraxellaceae;Enhydrobacter;;aerosaccus;1	8	2.6243791703025254e-5
GRUPO_1	Bacteria;Proteobacteria;Gammaproteobacteria;Pseudomonadales;Moraxellaceae;Psychrobacter;faecalis;;0.89	0	0
GRUPO_1	Bacteria;Proteobacteria;Gammaproteobacteria;Pseudomonadales;Pseudomonadaceae;;;;0.91	16	5.248758340605051e-5
GRUPO_1	Bacteria;Proteobacteria;Gammaproteobacteria;Pseudomonadales;Pseudomonadaceae;Pseudomonas;;putida;0.96	0	0
GRUPO_1	Bacteria;Proteobacteria;Gammaproteobacteria;Pseudomonadales;Pseudomonadaceae;Pseudomonas;brassicacearum;;0.77	0	0
GRUPO_1	Bacteria;Proteobacteria;Gammaproteobacteria;Pseudomonadales;Pseudomonadaceae;Pseudomonas;oryzihabitans;;0.69	106	3.477302400650846e-4
GRUPO_1	Bacteria;Proteobacteria;Gammaproteobacteria;Pseudomonadales;Pseudomonadaceae;Pseudomonas;protegens;;0.63	5	1.6402369814390784e-5
GRUPO_1	Bacteria;Proteobacteria;Gammaproteobacteria;Pseudomonadales;Pseudomonadaceae;Pseudomonas;psychrotolerans;;0.88	0	0
GRUPO_1	Bacteria;Proteobacteria;Gammaproteobacteria;Thiotrichales;Thiotrichaceae;Thiothrix;;;0.87	0	0
GRUPO_1	Bacteria;Proteobacteria;Gammaproteobacteria;Xanthomonadales;Rhodanobacteraceae;Luteibacter;rhizovicinus;;0.99	0	0
GRUPO_1	Bacteria;Proteobacteria;Gammaproteobacteria;Xanthomonadales;Xanthomonadaceae;Stenotrophomonas;maltophilia;;0.99	0	0
GRUPO_1	Bacteria;Verrucomicrobiota;Verrucomicrobiae;;;;;;0.51	0	0
GRUPO_1	Bacteria;Verrucomicrobiota;Verrucomicrobiae;;;;;;0.75	0	0
GRUPO_1	Bacteria;Verrucomicrobiota;Verrucomicrobiae;;;;;;0.8	4	1.3121895851512627e-5
GRUPO_1	Bacteria;Verrucomicrobiota;Verrucomicrobiae;Chthoniobacterales;;;;;0.54	0	0
GRUPO_1	Bacteria;Verrucomicrobiota;Verrucomicrobiae;Chthoniobacterales;Chthoniobacteraceae;;;;0.63	0	0
GRUPO_2	;;;;;;;;0	42	1.1901658297722816e-4
GRUPO_2	Bacteria;;;;;;;;0.85	12	3.400473799349376e-5
GRUPO_2	Bacteria;;;;;;;;0.89	0	0
GRUPO_2	Bacteria;;;;;;;;0.9	103	2.9187400111082147e-4
GRUPO_2	Bacteria;;;;;;;;0.91	8	2.266982532899584e-5
GRUPO_2	Bacteria;;;;;;;;0.92	5	1.41686408306224e-5
GRUPO_2	Bacteria;;;;;;;;0.93	0	0
GRUPO_2	Bacteria;;;;;;;;0.94	24	6.800947598698751e-5
GRUPO_2	Bacteria;;;;;;;;0.95	0	0
GRUPO_2	Bacteria;;;;;;;;0.96	0	0
GRUPO_2	Bacteria;;;;;;;;0.97	57	1.6152250546909536e-4
GRUPO_2	Bacteria;;;;;;;;0.98	0	0
GRUPO_2	Bacteria;;;;;;;;0.99	178	5.044036135701574e-4
GRUPO_2	Bacteria;;;;;;;;1	41	1.1618285481110368e-4
GRUPO_2	Bacteria;Abditibacteriota;Abditibacteria;Abditibacteriales;Abditibacteriaceae;Abditibacterium;;;1	24	6.800947598698751e-5
GRUPO_2	Bacteria;Acidobacteriota;Acidobacteriae;Acidobacteriales;Acidobacteriaceae (Subgroup 1);Acidipila-Silvibacterium;;;0.56	0	0
GRUPO_2	Bacteria;Acidobacteriota;Acidobacteriae;Acidobacteriales;Acidobacteriaceae (Subgroup 1);Bryocella;;;0.64	25	7.0843204153112e-5
GRUPO_2	Bacteria;Acidobacteriota;Acidobacteriae;Acidobacteriales;Acidobacteriaceae (Subgroup 1);Edaphobacter;;;0.93	44	1.2468403930947713e-4
GRUPO_2	Bacteria;Acidobacteriota;Acidobacteriae;Acidobacteriales;Acidobacteriaceae (Subgroup 1);Granulicella;;acidiphila;0.65	59	1.671899618013443e-4
GRUPO_2	Bacteria;Acidobacteriota;Acidobacteriae;Acidobacteriales;Acidobacteriaceae (Subgroup 1);Terriglobus;;;0.98	0	0
GRUPO_2	Bacteria;Acidobacteriota;Acidobacteriae;Acidobacteriales;Acidobacteriaceae (Subgroup 1);Terriglobus;;roseus;0.95	76	2.1536334062546047e-4
GRUPO_2	Bacteria;Acidobacteriota;Acidobacteriae;Acidobacteriales;Acidobacteriaceae (Subgroup 1);Terriglobus;;tenax;0.7	80	2.266982532899584e-4
GRUPO_2	Bacteria;Actinobacteriota;Actinobacteria;;;;;;0.61	3	8.50118449837344e-6
GRUPO_2	Bacteria;Actinobacteriota;Actinobacteria;;;;;;1	18	5.100710699024064e-5
GRUPO_2	Bacteria;Actinobacteriota;Actinobacteria;Corynebacteriales;Corynebacteriaceae;Corynebacterium;efficiens;efficiens;0.59	17	4.817337882411616e-5
GRUPO_2	Bacteria;Actinobacteriota;Actinobacteria;Frankiales;Geodermatophilaceae;;;;0.55	61	1.728574181335933e-4
GRUPO_2	Bacteria;Actinobacteriota;Actinobacteria;Kineosporiales;Kineosporiaceae;;;;0.74	12	3.400473799349376e-5
GRUPO_2	Bacteria;Actinobacteriota;Actinobacteria;Kineosporiales;Kineosporiaceae;Kineococcus;radiotolerans;;0.62	85	2.408668941205808e-4
GRUPO_2	Bacteria;Actinobacteriota;Actinobacteria;Kineosporiales;Kineosporiaceae;Kineococcus;rhizosphaerae;;0.53	29	8.217811681760992e-5
GRUPO_2	Bacteria;Actinobacteriota;Actinobacteria;Kineosporiales;Kineosporiaceae;Kineosporia;;;0.89	16	4.533965065799168e-5
GRUPO_2	Bacteria;Actinobacteriota;Actinobacteria;Micrococcales;Microbacteriaceae;;;;0.91	0	0
GRUPO_2	Bacteria;Actinobacteriota;Actinobacteria;Micrococcales;Microbacteriaceae;;;;0.94	292	8.274486245083482e-4
GRUPO_2	Bacteria;Actinobacteriota;Actinobacteria;Micrococcales;Microbacteriaceae;;;;0.95	651	0.0018447570361470366
GRUPO_2	Bacteria;Actinobacteriota;Actinobacteria;Micrococcales;Microbacteriaceae;Amnibacterium;;;0.59	130	3.683846615961824e-4
GRUPO_2	Bacteria;Actinobacteriota;Actinobacteria;Micrococcales;Microbacteriaceae;Amnibacterium;;soli;0.56	0	0
GRUPO_2	Bacteria;Actinobacteriota;Actinobacteria;Micrococcales;Microbacteriaceae;Curtobacterium;;;0.7	0	0
GRUPO_2	Bacteria;Actinobacteriota;Actinobacteria;Micrococcales;Microbacteriaceae;Curtobacterium;;;0.71	76	2.1536334062546047e-4
GRUPO_2	Bacteria;Actinobacteriota;Actinobacteria;Micrococcales;Microbacteriaceae;Curtobacterium;flaccumfaciens;;0.67	462	0.0013091824127495098
GRUPO_2	Bacteria;Actinobacteriota;Actinobacteria;Propionibacteriales;Nocardioidaceae;Nocardioides;;;0.81	36	1.0201421398048129e-4
GRUPO_2	Bacteria;Actinobacteriota;Actinobacteria;Propionibacteriales;Propionibacteriaceae;Cutibacterium;acnes;;0.99	7	1.983609716287136e-5
GRUPO_2	Bacteria;Actinobacteriota;Actinobacteria;Pseudonocardiales;Pseudonocardiaceae;Actinomycetospora;chiangmaiensis;;0.73	20	5.66745633224896e-5
GRUPO_2	Bacteria;Actinobacteriota;Thermoleophilia;Solirubrobacterales;Solirubrobacteraceae;Conexibacter;;;0.51	8	2.266982532899584e-5
GRUPO_2	Bacteria;Armatimonadota;Fimbriimonadia;Fimbriimonadales;Fimbriimonadaceae;;;;1	95	2.692041757818256e-4
GRUPO_2	Bacteria;Armatimonadota;Fimbriimonadia;Fimbriimonadales;Fimbriimonadaceae;Fimbriimonas;;;0.59	0	0
GRUPO_2	Bacteria;Armatimonadota;Fimbriimonadia;Fimbriimonadales;Fimbriimonadaceae;Fimbriimonas;;;0.69	68	1.9269351529646464e-4
GRUPO_2	Bacteria;Armatimonadota;Fimbriimonadia;Fimbriimonadales;Fimbriimonadaceae;Fimbriimonas;;;0.74	0	0
GRUPO_2	Bacteria;Bacteroidota;Bacteroidia;Chitinophagales;Chitinophagaceae;;;;0.88	15	4.25059224918672e-5
GRUPO_2	Bacteria;Bacteroidota;Bacteroidia;Chitinophagales;Chitinophagaceae;Edaphobaculum;;;0.91	57	1.6152250546909536e-4
GRUPO_2	Bacteria;Bacteroidota;Bacteroidia;Chitinophagales;Chitinophagaceae;Sediminibacterium;;salmoneum;0.95	7	1.983609716287136e-5
GRUPO_2	Bacteria;Bacteroidota;Bacteroidia;Cytophagales;Cytophagaceae;Siphonobacter;;;1	5	1.41686408306224e-5
GRUPO_2	Bacteria;Bacteroidota;Bacteroidia;Cytophagales;Hymenobacteraceae;Hymenobacter;;;0.89	0	0
GRUPO_2	Bacteria;Bacteroidota;Bacteroidia;Cytophagales;Hymenobacteraceae;Hymenobacter;;;0.94	139	3.9388821509130274e-4
GRUPO_2	Bacteria;Bacteroidota;Bacteroidia;Cytophagales;Hymenobacteraceae;Hymenobacter;;;0.95	0	0
GRUPO_2	Bacteria;Bacteroidota;Bacteroidia;Cytophagales;Hymenobacteraceae;Hymenobacter;;;0.96	0	0
GRUPO_2	Bacteria;Bacteroidota;Bacteroidia;Cytophagales;Hymenobacteraceae;Hymenobacter;;;0.99	52	1.4735386463847296e-4
GRUPO_2	Bacteria;Bacteroidota;Bacteroidia;Cytophagales;Hymenobacteraceae;Hymenobacter;;;1	39	1.1051539847885473e-4
GRUPO_2	Bacteria;Bacteroidota;Bacteroidia;Cytophagales;Hymenobacteraceae;Hymenobacter;marinus;;0.54	46	1.3035149564172608e-4
GRUPO_2	Bacteria;Bacteroidota;Bacteroidia;Cytophagales;Hymenobacteraceae;Hymenobacter;marinus;;0.56	29	8.217811681760992e-5
GRUPO_2	Bacteria;Bacteroidota;Bacteroidia;Cytophagales;Hymenobacteraceae;Hymenobacter;marinus;;0.68	5	1.41686408306224e-5
GRUPO_2	Bacteria;Bacteroidota;Bacteroidia;Cytophagales;Hymenobacteraceae;Hymenobacter;marinus;marinus;0.92	0	0
GRUPO_2	Bacteria;Bacteroidota;Bacteroidia;Cytophagales;Hymenobacteraceae;Hymenobacter;rivuli;;0.76	0	0
GRUPO_2	Bacteria;Bacteroidota;Bacteroidia;Cytophagales;Spirosomaceae;;;;0.86	3	8.50118449837344e-6
GRUPO_2	Bacteria;Bacteroidota;Bacteroidia;Cytophagales;Spirosomaceae;;;;0.89	29	8.217811681760992e-5
GRUPO_2	Bacteria;Bacteroidota;Bacteroidia;Cytophagales;Spirosomaceae;Larkinella;insperata;insperata;0.79	14	3.967219432574272e-5
GRUPO_2	Bacteria;Bacteroidota;Bacteroidia;Cytophagales;Spirosomaceae;Spirosoma;;;0.54	16	4.533965065799168e-5
GRUPO_2	Bacteria;Bacteroidota;Bacteroidia;Cytophagales;Spirosomaceae;Spirosoma;;;0.72	31	8.784557314985888e-5
GRUPO_2	Bacteria;Bacteroidota;Bacteroidia;Cytophagales;Spirosomaceae;Spirosoma;;;0.95	78	2.2103079695770945e-4
GRUPO_2	Bacteria;Bacteroidota;Bacteroidia;Cytophagales;Spirosomaceae;Spirosoma;oryzae;;0.77	0	0
GRUPO_2	Bacteria;Bacteroidota;Bacteroidia;Cytophagales;Spirosomaceae;Spirosoma;oryzae;oryzae;0.92	99	2.805390884463235e-4
GRUPO_2	Bacteria;Bacteroidota;Bacteroidia;Flavobacteriales;Blattabacteriaceae;Candidatus Uzinura;;;0.85	0	0
GRUPO_2	Bacteria;Bacteroidota;Bacteroidia;Flavobacteriales;Blattabacteriaceae;Candidatus Uzinura;;;0.95	0	0
GRUPO_2	Bacteria;Bacteroidota;Bacteroidia;Flavobacteriales;Blattabacteriaceae;Candidatus Uzinura;;;0.98	0	0
GRUPO_2	Bacteria;Bacteroidota;Bacteroidia;Flavobacteriales;Blattabacteriaceae;Candidatus Uzinura;;;0.99	563	0.0015953889575280823
GRUPO_2	Bacteria;Bacteroidota;Bacteroidia;Flavobacteriales;Blattabacteriaceae;Candidatus Uzinura;;;1	332623	0.942563163800823
GRUPO_2	Bacteria;Bacteroidota;Bacteroidia;Flavobacteriales;Flavobacteriaceae;Myroides;;;0.61	18	5.100710699024064e-5
GRUPO_2	Bacteria;Bacteroidota;Bacteroidia;Flavobacteriales;Flavobacteriaceae;Spongiimonas;;;1	0	0
GRUPO_2	Bacteria;Bacteroidota;Bacteroidia;Flavobacteriales;Weeksellaceae;Chryseobacterium;;;1	10	2.83372816612448e-5
GRUPO_2	Bacteria;Bacteroidota;Bacteroidia;Flavobacteriales;Weeksellaceae;Elizabethkingia;;;0.98	0	0
GRUPO_2	Bacteria;Bacteroidota;Bacteroidia;Flavobacteriales;Weeksellaceae;Empedobacter;;;0.87	7	1.983609716287136e-5
GRUPO_2	Bacteria;Bacteroidota;Bacteroidia;Sphingobacteriales;Sphingobacteriaceae;Arcticibacter;;;0.71	0	0
GRUPO_2	Bacteria;Bacteroidota;Bacteroidia;Sphingobacteriales;Sphingobacteriaceae;Mucilaginibacter;;;0.62	32	9.067930131598336e-5
GRUPO_2	Bacteria;Bacteroidota;Bacteroidia;Sphingobacteriales;Sphingobacteriaceae;Mucilaginibacter;;;0.76	5	1.41686408306224e-5
GRUPO_2	Bacteria;Bacteroidota;Bacteroidia;Sphingobacteriales;Sphingobacteriaceae;Mucilaginibacter;;;0.91	0	0
GRUPO_2	Bacteria;Bacteroidota;Bacteroidia;Sphingobacteriales;Sphingobacteriaceae;Mucilaginibacter;;;0.92	0	0
GRUPO_2	Bacteria;Bacteroidota;Bacteroidia;Sphingobacteriales;Sphingobacteriaceae;Mucilaginibacter;;;1	64	1.8135860263196672e-4
GRUPO_2	Bacteria;Bacteroidota;Bacteroidia;Sphingobacteriales;Sphingobacteriaceae;Mucilaginibacter;koreensis;;0.58	140	3.967219432574272e-4
GRUPO_2	Bacteria;Bacteroidota;Bacteroidia;Sphingobacteriales;Sphingobacteriaceae;Mucilaginibacter;koreensis;;0.68	0	0
GRUPO_2	Bacteria;Bacteroidota;Bacteroidia;Sphingobacteriales;Sphingobacteriaceae;Mucilaginibacter;koreensis;;0.69	199	5.639119050587715e-4
GRUPO_2	Bacteria;Bacteroidota;Bacteroidia;Sphingobacteriales;Sphingobacteriaceae;Mucilaginibacter;koreensis;;0.88	242	6.857622162021242e-4
GRUPO_2	Bacteria;Bacteroidota;Bacteroidia;Sphingobacteriales;Sphingobacteriaceae;Mucilaginibacter;terrae;terrae;0.69	270	7.651066048536096e-4
GRUPO_2	Bacteria;Bacteroidota;Bacteroidia;Sphingobacteriales;Sphingobacteriaceae;Pedobacter;nutrimenti;nutrimenti;0.61	7	1.983609716287136e-5
GRUPO_2	Bacteria;Bdellovibrionota;Bdellovibrionia;Bdellovibrionales;Bdellovibrionaceae;Bdellovibrio;;;0.74	4	1.133491266449792e-5
GRUPO_2	Bacteria;Bdellovibrionota;Bdellovibrionia;Bdellovibrionales;Bdellovibrionaceae;Bdellovibrio;;;0.83	2	5.66745633224896e-6
GRUPO_2	Bacteria;Bdellovibrionota;Oligoflexia;0319-6G20;;;;;0.86	3	8.50118449837344e-6
GRUPO_2	Bacteria;Cyanobacteria;Cyanobacteriia;Synechococcales;Cyanobiaceae;Cyanobium PCC-6307;;;0.63	6	1.700236899674688e-5
GRUPO_2	Bacteria;Firmicutes;Bacilli;Erysipelotrichales;Erysipelotrichaceae;ZOR0006;;;0.73	15	4.25059224918672e-5
GRUPO_2	Bacteria;Firmicutes;Bacilli;Staphylococcales;Staphylococcaceae;Staphylococcus;;;1	4	1.133491266449792e-5
GRUPO_2	Bacteria;Firmicutes;Bacilli;Staphylococcales;Staphylococcaceae;Staphylococcus;warneri;;0.74	0	0
GRUPO_2	Bacteria;Patescibacteria;Saccharimonadia;Saccharimonadales;Saccharimonadaceae;TM7a;;;0.83	0	0
GRUPO_2	Bacteria;Planctomycetota;Phycisphaerae;Tepidisphaerales;Tepidisphaeraceae;Tepidisphaera;;;1	0	0
GRUPO_2	Bacteria;Planctomycetota;Planctomycetes;Gemmatales;Gemmataceae;;;;1	6	1.700236899674688e-5
GRUPO_2	Bacteria;Planctomycetota;Planctomycetes;Isosphaerales;Isosphaeraceae;;;;0.9	18	5.100710699024064e-5
GRUPO_2	Bacteria;Planctomycetota;Planctomycetes;Isosphaerales;Isosphaeraceae;;;;0.95	0	0
GRUPO_2	Bacteria;Planctomycetota;Planctomycetes;Isosphaerales;Isosphaeraceae;Tundrisphaera;;;0.81	110	3.117100982736928e-4
GRUPO_2	Bacteria;Planctomycetota;Planctomycetes;Isosphaerales;Isosphaeraceae;Tundrisphaera;;;0.93	0	0
GRUPO_2	Bacteria;Planctomycetota;Planctomycetes;Isosphaerales;Isosphaeraceae;Tundrisphaera;;;0.97	0	0
GRUPO_2	Bacteria;Proteobacteria;Alphaproteobacteria;;;;;;0.9	87	2.4653435045282976e-4
GRUPO_2	Bacteria;Proteobacteria;Alphaproteobacteria;;;;;;0.91	31	8.784557314985888e-5
GRUPO_2	Bacteria;Proteobacteria;Alphaproteobacteria;Acetobacterales;Acetobacteraceae;;;;0.94	95	2.692041757818256e-4
GRUPO_2	Bacteria;Proteobacteria;Alphaproteobacteria;Acetobacterales;Acetobacteraceae;;;;0.99	0	0
GRUPO_2	Bacteria;Proteobacteria;Alphaproteobacteria;Acetobacterales;Acetobacteraceae;;;;1	179	5.07237341736282e-4
GRUPO_2	Bacteria;Proteobacteria;Alphaproteobacteria;Acetobacterales;Acetobacteraceae;Acetobacter;pasteurianus;;0.8	0	0
GRUPO_2	Bacteria;Proteobacteria;Alphaproteobacteria;Acetobacterales;Acetobacteraceae;Belnapia;;;0.81	6	1.700236899674688e-5
GRUPO_2	Bacteria;Proteobacteria;Alphaproteobacteria;Acetobacterales;Acetobacteraceae;Rhodovastum;;;0.75	137	3.8822075875905374e-4
GRUPO_2	Bacteria;Proteobacteria;Alphaproteobacteria;Acetobacterales;Acetobacteraceae;Rhodovastum;;;0.81	0	0
GRUPO_2	Bacteria;Proteobacteria;Alphaproteobacteria;Acetobacterales;Acetobacteraceae;Roseomonas;cervicalis;;0.72	49	1.3885268014009953e-4
GRUPO_2	Bacteria;Proteobacteria;Alphaproteobacteria;Caedibacterales;Caedibacteraceae;Caedibacter;;;0.87	6	1.700236899674688e-5
GRUPO_2	Bacteria;Proteobacteria;Alphaproteobacteria;Caedibacterales;Caedibacteraceae;Caedibacter;;;0.95	0	0
GRUPO_2	Bacteria;Proteobacteria;Alphaproteobacteria;Caedibacterales;Caedibacteraceae;Caedibacter;;;0.99	0	0
GRUPO_2	Bacteria;Proteobacteria;Alphaproteobacteria;Caulobacterales;Caulobacteraceae;;;;0.96	77	2.1819706879158495e-4
GRUPO_2	Bacteria;Proteobacteria;Alphaproteobacteria;Caulobacterales;Caulobacteraceae;;;;1	189	5.355746233975268e-4
GRUPO_2	Bacteria;Proteobacteria;Alphaproteobacteria;Caulobacterales;Caulobacteraceae;Caulobacter;;;0.56	42	1.1901658297722816e-4
GRUPO_2	Bacteria;Proteobacteria;Alphaproteobacteria;Holosporales;Holosporaceae;;;;0.52	34	9.634675764823232e-5
GRUPO_2	Bacteria;Proteobacteria;Alphaproteobacteria;Micavibrionales;Micavibrionaceae;;;;0.54	0	0
GRUPO_2	Bacteria;Proteobacteria;Alphaproteobacteria;Rhizobiales;Beijerinckiaceae;1174-901-12;;;0.78	949	0.0026892080296521317
GRUPO_2	Bacteria;Proteobacteria;Alphaproteobacteria;Rhizobiales;Beijerinckiaceae;1174-901-12;;;0.93	0	0
GRUPO_2	Bacteria;Proteobacteria;Alphaproteobacteria;Rhizobiales;Beijerinckiaceae;;;;0.64	0	0
GRUPO_2	Bacteria;Proteobacteria;Alphaproteobacteria;Rhizobiales;Beijerinckiaceae;;;;0.65	0	0
GRUPO_2	Bacteria;Proteobacteria;Alphaproteobacteria;Rhizobiales;Beijerinckiaceae;;;;0.71	95	2.692041757818256e-4
GRUPO_2	Bacteria;Proteobacteria;Alphaproteobacteria;Rhizobiales;Beijerinckiaceae;;;;0.82	39	1.1051539847885473e-4
GRUPO_2	Bacteria;Proteobacteria;Alphaproteobacteria;Rhizobiales;Beijerinckiaceae;Beijerinckia;;mobilis;0.79	993	0.0028138920689616087
GRUPO_2	Bacteria;Proteobacteria;Alphaproteobacteria;Rhizobiales;Beijerinckiaceae;Bosea;;;0.66	36	1.0201421398048129e-4
GRUPO_2	Bacteria;Proteobacteria;Alphaproteobacteria;Rhizobiales;Beijerinckiaceae;Camelimonas;;;0.52	27	7.651066048536095e-5
GRUPO_2	Bacteria;Proteobacteria;Alphaproteobacteria;Rhizobiales;Beijerinckiaceae;Methylobacterium-Methylorubrum;;;0.55	13	3.683846615961824e-5
GRUPO_2	Bacteria;Proteobacteria;Alphaproteobacteria;Rhizobiales;Beijerinckiaceae;Methylobacterium-Methylorubrum;;;0.89	502	0.001422531539394489
GRUPO_2	Bacteria;Proteobacteria;Alphaproteobacteria;Rhizobiales;Beijerinckiaceae;Methylobacterium-Methylorubrum;;;1	0	0
GRUPO_2	Bacteria;Proteobacteria;Alphaproteobacteria;Rhizobiales;Beijerinckiaceae;Methylobacterium-Methylorubrum;aquaticum;;0.99	314	8.897906441630867e-4
GRUPO_2	Bacteria;Proteobacteria;Alphaproteobacteria;Rhizobiales;Beijerinckiaceae;Methylobacterium-Methylorubrum;brachiatum;;0.69	1989	0.005636285322421591
GRUPO_2	Bacteria;Proteobacteria;Alphaproteobacteria;Rhizobiales;Beijerinckiaceae;Methylobacterium-Methylorubrum;extorquens;;0.99	0	0
GRUPO_2	Bacteria;Proteobacteria;Alphaproteobacteria;Rhizobiales;Pleomorphomonadaceae;;;;0.51	71	2.0119469979483807e-4
GRUPO_2	Bacteria;Proteobacteria;Alphaproteobacteria;Rhizobiales;Rhizobiaceae;Allorhizobium-Neorhizobium-Pararhizobium-Rhizobium;daejeonense;;0.55	8	2.266982532899584e-5
GRUPO_2	Bacteria;Proteobacteria;Alphaproteobacteria;Rhizobiales;Rhizobiaceae;Aureimonas;;;0.82	441	0.0012496741212608957
GRUPO_2	Bacteria;Proteobacteria;Alphaproteobacteria;Rhizobiales;Rhizobiaceae;Brucella;melitensis;;1	42	1.1901658297722816e-4
GRUPO_2	Bacteria;Proteobacteria;Alphaproteobacteria;Rhodobacterales;Rhodobacteraceae;;;;1	4	1.133491266449792e-5
GRUPO_2	Bacteria;Proteobacteria;Alphaproteobacteria;Rickettsiales;;;;;0.77	8	2.266982532899584e-5
GRUPO_2	Bacteria;Proteobacteria;Alphaproteobacteria;Rickettsiales;AB1;;;;0.8	134	3.7971957426068034e-4
GRUPO_2	Bacteria;Proteobacteria;Alphaproteobacteria;Rickettsiales;AB1;;;;0.84	61	1.728574181335933e-4
GRUPO_2	Bacteria;Proteobacteria;Alphaproteobacteria;Rickettsiales;Rickettsiaceae;Candidatus Megaira;;;0.5	0	0
GRUPO_2	Bacteria;Proteobacteria;Alphaproteobacteria;Rickettsiales;Rickettsiaceae;Candidatus Trichorickettsia;mobilis;;0.83	64	1.8135860263196672e-4
GRUPO_2	Bacteria;Proteobacteria;Alphaproteobacteria;Sphingomonadales;Sphingomonadaceae;;;;0.95	0	0
GRUPO_2	Bacteria;Proteobacteria;Alphaproteobacteria;Sphingomonadales;Sphingomonadaceae;;;;0.99	0	0
GRUPO_2	Bacteria;Proteobacteria;Alphaproteobacteria;Sphingomonadales;Sphingomonadaceae;;;;1	418	0.0011844983734400326
GRUPO_2	Bacteria;Proteobacteria;Alphaproteobacteria;Sphingomonadales;Sphingomonadaceae;Sphingomonas;;;0.52	69	1.9552724346258912e-4
GRUPO_2	Bacteria;Proteobacteria;Alphaproteobacteria;Sphingomonadales;Sphingomonadaceae;Sphingomonas;;;0.53	0	0
GRUPO_2	Bacteria;Proteobacteria;Alphaproteobacteria;Sphingomonadales;Sphingomonadaceae;Sphingomonas;;;0.54	1979	0.005607948040760346
GRUPO_2	Bacteria;Proteobacteria;Alphaproteobacteria;Sphingomonadales;Sphingomonadaceae;Sphingomonas;;;0.56	0	0
GRUPO_2	Bacteria;Proteobacteria;Alphaproteobacteria;Sphingomonadales;Sphingomonadaceae;Sphingomonas;;;0.62	570	0.0016152250546909537
GRUPO_2	Bacteria;Proteobacteria;Alphaproteobacteria;Sphingomonadales;Sphingomonadaceae;Sphingomonas;;;0.77	0	0
GRUPO_2	Bacteria;Proteobacteria;Alphaproteobacteria;Sphingomonadales;Sphingomonadaceae;Sphingomonas;;;0.8	0	0
GRUPO_2	Bacteria;Proteobacteria;Alphaproteobacteria;Sphingomonadales;Sphingomonadaceae;Sphingomonas;;;0.84	2104	0.005962164061525906
GRUPO_2	Bacteria;Proteobacteria;Alphaproteobacteria;Sphingomonadales;Sphingomonadaceae;Sphingomonas;parapaucimobilis;;0.56	0	0
GRUPO_2	Bacteria;Proteobacteria;Alphaproteobacteria;Sphingomonadales;Sphingomonadaceae;Sphingomonas;phyllosphaerae;;0.58	3	8.50118449837344e-6
GRUPO_2	Bacteria;Proteobacteria;Alphaproteobacteria;Sphingomonadales;Sphingomonadaceae;Sphingopyxis;;;0.78	0	0
GRUPO_2	Bacteria;Proteobacteria;Gammaproteobacteria;;;;;;0.5	0	0
GRUPO_2	Bacteria;Proteobacteria;Gammaproteobacteria;;;;;;0.89	3	8.50118449837344e-6
GRUPO_2	Bacteria;Proteobacteria;Gammaproteobacteria;;;;;;1	0	0
GRUPO_2	Bacteria;Proteobacteria;Gammaproteobacteria;Burkholderiales;;;;;0.87	0	0
GRUPO_2	Bacteria;Proteobacteria;Gammaproteobacteria;Burkholderiales;Burkholderiaceae;Burkholderia-Caballeronia-Paraburkholderia;insecticola;;0.8	0	0
GRUPO_2	Bacteria;Proteobacteria;Gammaproteobacteria;Burkholderiales;Burkholderiaceae;Ralstonia;pickettii;;0.92	21	5.950829148861408e-5
GRUPO_2	Bacteria;Proteobacteria;Gammaproteobacteria;Burkholderiales;Comamonadaceae;;;;0.92	0	0
GRUPO_2	Bacteria;Proteobacteria;Gammaproteobacteria;Burkholderiales;Comamonadaceae;;;;1	0	0
GRUPO_2	Bacteria;Proteobacteria;Gammaproteobacteria;Burkholderiales;Comamonadaceae;Comamonas;testosteroni;;1	4	1.133491266449792e-5
GRUPO_2	Bacteria;Proteobacteria;Gammaproteobacteria;Burkholderiales;Comamonadaceae;Pelomonas;;;0.95	0	0
GRUPO_2	Bacteria;Proteobacteria;Gammaproteobacteria;Burkholderiales;Comamonadaceae;Pelomonas;puraquae;;0.57	15	4.25059224918672e-5
GRUPO_2	Bacteria;Proteobacteria;Gammaproteobacteria;Burkholderiales;Comamonadaceae;Xylophilus;;;0.55	0	0
GRUPO_2	Bacteria;Proteobacteria;Gammaproteobacteria;Burkholderiales;Oxalobacteraceae;;;;0.89	390	0.0011051539847885471
GRUPO_2	Bacteria;Proteobacteria;Gammaproteobacteria;Burkholderiales;Oxalobacteraceae;;;;0.97	45	1.275177674756016e-4
GRUPO_2	Bacteria;Proteobacteria;Gammaproteobacteria;Burkholderiales;Oxalobacteraceae;Candidatus Profftella;;;0.72	253	7.169332260294934e-4
GRUPO_2	Bacteria;Proteobacteria;Gammaproteobacteria;Burkholderiales;Oxalobacteraceae;Massilia;;;0.52	26	7.367693231923648e-5
GRUPO_2	Bacteria;Proteobacteria;Gammaproteobacteria;Burkholderiales;Oxalobacteraceae;Massilia;;;0.57	0	0
GRUPO_2	Bacteria;Proteobacteria;Gammaproteobacteria;Burkholderiales;Oxalobacteraceae;Massilia;;;0.6	222	6.290876528796345e-4
GRUPO_2	Bacteria;Proteobacteria;Gammaproteobacteria;Burkholderiales;Oxalobacteraceae;Massilia;;;0.8	230	6.517574782086305e-4
GRUPO_2	Bacteria;Proteobacteria;Gammaproteobacteria;Burkholderiales;Oxalobacteraceae;Massilia;;;0.83	69	1.9552724346258912e-4
GRUPO_2	Bacteria;Proteobacteria;Gammaproteobacteria;Burkholderiales;Oxalobacteraceae;Massilia;;;0.96	547	0.0015500493068700905
GRUPO_2	Bacteria;Proteobacteria;Gammaproteobacteria;Burkholderiales;Oxalobacteraceae;Massilia;;agri;0.87	229	6.489237500425059e-4
GRUPO_2	Bacteria;Proteobacteria;Gammaproteobacteria;Burkholderiales;Oxalobacteraceae;Massilia;aerilata;;0.51	101	2.8620654477857246e-4
GRUPO_2	Bacteria;Proteobacteria;Gammaproteobacteria;Burkholderiales;Oxalobacteraceae;Massilia;aerilata;;0.53	0	0
GRUPO_2	Bacteria;Proteobacteria;Gammaproteobacteria;Burkholderiales;Oxalobacteraceae;Massilia;pinisoli;pinisoli;0.55	0	0
GRUPO_2	Bacteria;Proteobacteria;Gammaproteobacteria;Burkholderiales;Oxalobacteraceae;Massilia;putida;;0.75	0	0
GRUPO_2	Bacteria;Proteobacteria;Gammaproteobacteria;Burkholderiales;Oxalobacteraceae;Massilia;putida;;0.86	0	0
GRUPO_2	Bacteria;Proteobacteria;Gammaproteobacteria;Burkholderiales;Oxalobacteraceae;Massilia;timonae;;0.51	51	1.4452013647234848e-4
GRUPO_2	Bacteria;Proteobacteria;Gammaproteobacteria;Burkholderiales;Oxalobacteraceae;Massilia;timonae;;0.93	95	2.692041757818256e-4
GRUPO_2	Bacteria;Proteobacteria;Gammaproteobacteria;Enterobacterales;;;;;0.93	0	0
GRUPO_2	Bacteria;Proteobacteria;Gammaproteobacteria;Enterobacterales;Erwiniaceae;Pantoea;dispersa;;0.86	8	2.266982532899584e-5
GRUPO_2	Bacteria;Proteobacteria;Gammaproteobacteria;Pseudomonadales;Moraxellaceae;Acinetobacter;johnsonii;;0.79	8	2.266982532899584e-5
GRUPO_2	Bacteria;Proteobacteria;Gammaproteobacteria;Pseudomonadales;Moraxellaceae;Acinetobacter;junii;;0.88	23	6.517574782086304e-5
GRUPO_2	Bacteria;Proteobacteria;Gammaproteobacteria;Pseudomonadales;Moraxellaceae;Enhydrobacter;;aerosaccus;1	0	0
GRUPO_2	Bacteria;Proteobacteria;Gammaproteobacteria;Pseudomonadales;Moraxellaceae;Psychrobacter;faecalis;;0.89	15	4.25059224918672e-5
GRUPO_2	Bacteria;Proteobacteria;Gammaproteobacteria;Pseudomonadales;Pseudomonadaceae;;;;0.91	529	0.00149904219987985
GRUPO_2	Bacteria;Proteobacteria;Gammaproteobacteria;Pseudomonadales;Pseudomonadaceae;Pseudomonas;;putida;0.96	0	0
GRUPO_2	Bacteria;Proteobacteria;Gammaproteobacteria;Pseudomonadales;Pseudomonadaceae;Pseudomonas;brassicacearum;;0.77	14	3.967219432574272e-5
GRUPO_2	Bacteria;Proteobacteria;Gammaproteobacteria;Pseudomonadales;Pseudomonadaceae;Pseudomonas;oryzihabitans;;0.69	175	4.95902429071784e-4
GRUPO_2	Bacteria;Proteobacteria;Gammaproteobacteria;Pseudomonadales;Pseudomonadaceae;Pseudomonas;protegens;;0.63	0	0
GRUPO_2	Bacteria;Proteobacteria;Gammaproteobacteria;Pseudomonadales;Pseudomonadaceae;Pseudomonas;psychrotolerans;;0.88	29	8.217811681760992e-5
GRUPO_2	Bacteria;Proteobacteria;Gammaproteobacteria;Thiotrichales;Thiotrichaceae;Thiothrix;;;0.87	0	0
GRUPO_2	Bacteria;Proteobacteria;Gammaproteobacteria;Xanthomonadales;Rhodanobacteraceae;Luteibacter;rhizovicinus;;0.99	0	0
GRUPO_2	Bacteria;Proteobacteria;Gammaproteobacteria;Xanthomonadales;Xanthomonadaceae;Stenotrophomonas;maltophilia;;0.99	8	2.266982532899584e-5
GRUPO_2	Bacteria;Verrucomicrobiota;Verrucomicrobiae;;;;;;0.51	8	2.266982532899584e-5
GRUPO_2	Bacteria;Verrucomicrobiota;Verrucomicrobiae;;;;;;0.75	0	0
GRUPO_2	Bacteria;Verrucomicrobiota;Verrucomicrobiae;;;;;;0.8	0	0
GRUPO_2	Bacteria;Verrucomicrobiota;Verrucomicrobiae;Chthoniobacterales;;;;;0.54	33	9.351302948210785e-5
GRUPO_2	Bacteria;Verrucomicrobiota;Verrucomicrobiae;Chthoniobacterales;Chthoniobacteraceae;;;;0.63	0	0
GRUPO_3	;;;;;;;;0	6	1.8657644658938256e-5
GRUPO_3	Bacteria;;;;;;;;0.85	0	0
GRUPO_3	Bacteria;;;;;;;;0.89	0	0
GRUPO_3	Bacteria;;;;;;;;0.9	24	7.463057863575302e-5
GRUPO_3	Bacteria;;;;;;;;0.91	8	2.487685954525101e-5
GRUPO_3	Bacteria;;;;;;;;0.92	0	0
GRUPO_3	Bacteria;;;;;;;;0.93	33	1.0261704562416041e-4
GRUPO_3	Bacteria;;;;;;;;0.94	0	0
GRUPO_3	Bacteria;;;;;;;;0.95	3	9.328822329469128e-6
GRUPO_3	Bacteria;;;;;;;;0.96	29	9.01786158515349e-5
GRUPO_3	Bacteria;;;;;;;;0.97	7	2.1767252102094632e-5
GRUPO_3	Bacteria;;;;;;;;0.98	0	0
GRUPO_3	Bacteria;;;;;;;;0.99	0	0
GRUPO_3	Bacteria;;;;;;;;1	183	5.690581620976168e-4
GRUPO_3	Bacteria;Abditibacteriota;Abditibacteria;Abditibacteriales;Abditibacteriaceae;Abditibacterium;;;1	9	2.7986466988407382e-5
GRUPO_3	Bacteria;Acidobacteriota;Acidobacteriae;Acidobacteriales;Acidobacteriaceae (Subgroup 1);Acidipila-Silvibacterium;;;0.56	175	5.441813025523658e-4
GRUPO_3	Bacteria;Acidobacteriota;Acidobacteriae;Acidobacteriales;Acidobacteriaceae (Subgroup 1);Bryocella;;;0.64	903	0.0028079755211702076
GRUPO_3	Bacteria;Acidobacteriota;Acidobacteriae;Acidobacteriales;Acidobacteriaceae (Subgroup 1);Edaphobacter;;;0.93	589	0.0018315587840191053
GRUPO_3	Bacteria;Acidobacteriota;Acidobacteriae;Acidobacteriales;Acidobacteriaceae (Subgroup 1);Granulicella;;acidiphila;0.65	686	0.002133190706005274
GRUPO_3	Bacteria;Acidobacteriota;Acidobacteriae;Acidobacteriales;Acidobacteriaceae (Subgroup 1);Terriglobus;;;0.98	12	3.731528931787651e-5
GRUPO_3	Bacteria;Acidobacteriota;Acidobacteriae;Acidobacteriales;Acidobacteriaceae (Subgroup 1);Terriglobus;;roseus;0.95	0	0
GRUPO_3	Bacteria;Acidobacteriota;Acidobacteriae;Acidobacteriales;Acidobacteriaceae (Subgroup 1);Terriglobus;;tenax;0.7	986	0.003066072938952187
GRUPO_3	Bacteria;Actinobacteriota;Actinobacteria;;;;;;0.61	0	0
GRUPO_3	Bacteria;Actinobacteriota;Actinobacteria;;;;;;1	0	0
GRUPO_3	Bacteria;Actinobacteriota;Actinobacteria;Corynebacteriales;Corynebacteriaceae;Corynebacterium;efficiens;efficiens;0.59	0	0
GRUPO_3	Bacteria;Actinobacteriota;Actinobacteria;Frankiales;Geodermatophilaceae;;;;0.55	0	0
GRUPO_3	Bacteria;Actinobacteriota;Actinobacteria;Kineosporiales;Kineosporiaceae;;;;0.74	0	0
GRUPO_3	Bacteria;Actinobacteriota;Actinobacteria;Kineosporiales;Kineosporiaceae;Kineococcus;radiotolerans;;0.62	0	0
GRUPO_3	Bacteria;Actinobacteriota;Actinobacteria;Kineosporiales;Kineosporiaceae;Kineococcus;rhizosphaerae;;0.53	0	0
GRUPO_3	Bacteria;Actinobacteriota;Actinobacteria;Kineosporiales;Kineosporiaceae;Kineosporia;;;0.89	0	0
GRUPO_3	Bacteria;Actinobacteriota;Actinobacteria;Micrococcales;Microbacteriaceae;;;;0.91	0	0
GRUPO_3	Bacteria;Actinobacteriota;Actinobacteria;Micrococcales;Microbacteriaceae;;;;0.94	0	0
GRUPO_3	Bacteria;Actinobacteriota;Actinobacteria;Micrococcales;Microbacteriaceae;;;;0.95	28	8.706900840837853e-5
GRUPO_3	Bacteria;Actinobacteriota;Actinobacteria;Micrococcales;Microbacteriaceae;Amnibacterium;;;0.59	16	4.975371909050202e-5
GRUPO_3	Bacteria;Actinobacteriota;Actinobacteria;Micrococcales;Microbacteriaceae;Amnibacterium;;soli;0.56	23	7.152097119259665e-5
GRUPO_3	Bacteria;Actinobacteriota;Actinobacteria;Micrococcales;Microbacteriaceae;Curtobacterium;;;0.7	0	0
GRUPO_3	Bacteria;Actinobacteriota;Actinobacteria;Micrococcales;Microbacteriaceae;Curtobacterium;;;0.71	0	0
GRUPO_3	Bacteria;Actinobacteriota;Actinobacteria;Micrococcales;Microbacteriaceae;Curtobacterium;flaccumfaciens;;0.67	74	2.301109507935718e-4
GRUPO_3	Bacteria;Actinobacteriota;Actinobacteria;Propionibacteriales;Nocardioidaceae;Nocardioides;;;0.81	0	0
GRUPO_3	Bacteria;Actinobacteriota;Actinobacteria;Propionibacteriales;Propionibacteriaceae;Cutibacterium;acnes;;0.99	0	0
GRUPO_3	Bacteria;Actinobacteriota;Actinobacteria;Pseudonocardiales;Pseudonocardiaceae;Actinomycetospora;chiangmaiensis;;0.73	0	0
GRUPO_3	Bacteria;Actinobacteriota;Thermoleophilia;Solirubrobacterales;Solirubrobacteraceae;Conexibacter;;;0.51	0	0
GRUPO_3	Bacteria;Armatimonadota;Fimbriimonadia;Fimbriimonadales;Fimbriimonadaceae;;;;1	0	0
GRUPO_3	Bacteria;Armatimonadota;Fimbriimonadia;Fimbriimonadales;Fimbriimonadaceae;Fimbriimonas;;;0.59	3	9.328822329469128e-6
GRUPO_3	Bacteria;Armatimonadota;Fimbriimonadia;Fimbriimonadales;Fimbriimonadaceae;Fimbriimonas;;;0.69	0	0
GRUPO_3	Bacteria;Armatimonadota;Fimbriimonadia;Fimbriimonadales;Fimbriimonadaceae;Fimbriimonas;;;0.74	35	1.0883626051047315e-4
GRUPO_3	Bacteria;Bacteroidota;Bacteroidia;Chitinophagales;Chitinophagaceae;;;;0.88	0	0
GRUPO_3	Bacteria;Bacteroidota;Bacteroidia;Chitinophagales;Chitinophagaceae;Edaphobaculum;;;0.91	0	0
GRUPO_3	Bacteria;Bacteroidota;Bacteroidia;Chitinophagales;Chitinophagaceae;Sediminibacterium;;salmoneum;0.95	0	0
GRUPO_3	Bacteria;Bacteroidota;Bacteroidia;Cytophagales;Cytophagaceae;Siphonobacter;;;1	0	0
GRUPO_3	Bacteria;Bacteroidota;Bacteroidia;Cytophagales;Hymenobacteraceae;Hymenobacter;;;0.89	0	0
GRUPO_3	Bacteria;Bacteroidota;Bacteroidia;Cytophagales;Hymenobacteraceae;Hymenobacter;;;0.94	0	0
GRUPO_3	Bacteria;Bacteroidota;Bacteroidia;Cytophagales;Hymenobacteraceae;Hymenobacter;;;0.95	0	0
GRUPO_3	Bacteria;Bacteroidota;Bacteroidia;Cytophagales;Hymenobacteraceae;Hymenobacter;;;0.96	0	0
GRUPO_3	Bacteria;Bacteroidota;Bacteroidia;Cytophagales;Hymenobacteraceae;Hymenobacter;;;0.99	0	0
GRUPO_3	Bacteria;Bacteroidota;Bacteroidia;Cytophagales;Hymenobacteraceae;Hymenobacter;;;1	5	1.554803721578188e-5
GRUPO_3	Bacteria;Bacteroidota;Bacteroidia;Cytophagales;Hymenobacteraceae;Hymenobacter;marinus;;0.54	0	0
GRUPO_3	Bacteria;Bacteroidota;Bacteroidia;Cytophagales;Hymenobacteraceae;Hymenobacter;marinus;;0.56	0	0
GRUPO_3	Bacteria;Bacteroidota;Bacteroidia;Cytophagales;Hymenobacteraceae;Hymenobacter;marinus;;0.68	16	4.975371909050202e-5
GRUPO_3	Bacteria;Bacteroidota;Bacteroidia;Cytophagales;Hymenobacteraceae;Hymenobacter;marinus;marinus;0.92	7	2.1767252102094632e-5
GRUPO_3	Bacteria;Bacteroidota;Bacteroidia;Cytophagales;Hymenobacteraceae;Hymenobacter;rivuli;;0.76	0	0
GRUPO_3	Bacteria;Bacteroidota;Bacteroidia;Cytophagales;Spirosomaceae;;;;0.86	0	0
GRUPO_3	Bacteria;Bacteroidota;Bacteroidia;Cytophagales;Spirosomaceae;;;;0.89	0	0
GRUPO_3	Bacteria;Bacteroidota;Bacteroidia;Cytophagales;Spirosomaceae;Larkinella;insperata;insperata;0.79	0	0
GRUPO_3	Bacteria;Bacteroidota;Bacteroidia;Cytophagales;Spirosomaceae;Spirosoma;;;0.54	0	0
GRUPO_3	Bacteria;Bacteroidota;Bacteroidia;Cytophagales;Spirosomaceae;Spirosoma;;;0.72	0	0
GRUPO_3	Bacteria;Bacteroidota;Bacteroidia;Cytophagales;Spirosomaceae;Spirosoma;;;0.95	0	0
GRUPO_3	Bacteria;Bacteroidota;Bacteroidia;Cytophagales;Spirosomaceae;Spirosoma;oryzae;;0.77	0	0
GRUPO_3	Bacteria;Bacteroidota;Bacteroidia;Cytophagales;Spirosomaceae;Spirosoma;oryzae;oryzae;0.92	0	0
GRUPO_3	Bacteria;Bacteroidota;Bacteroidia;Flavobacteriales;Blattabacteriaceae;Candidatus Uzinura;;;0.85	0	0
GRUPO_3	Bacteria;Bacteroidota;Bacteroidia;Flavobacteriales;Blattabacteriaceae;Candidatus Uzinura;;;0.95	0	0
GRUPO_3	Bacteria;Bacteroidota;Bacteroidia;Flavobacteriales;Blattabacteriaceae;Candidatus Uzinura;;;0.98	0	0
GRUPO_3	Bacteria;Bacteroidota;Bacteroidia;Flavobacteriales;Blattabacteriaceae;Candidatus Uzinura;;;0.99	144	4.477834718145181e-4
GRUPO_3	Bacteria;Bacteroidota;Bacteroidia;Flavobacteriales;Blattabacteriaceae;Candidatus Uzinura;;;1	297163	0.9240602766306781
GRUPO_3	Bacteria;Bacteroidota;Bacteroidia;Flavobacteriales;Flavobacteriaceae;Myroides;;;0.61	0	0
GRUPO_3	Bacteria;Bacteroidota;Bacteroidia;Flavobacteriales;Flavobacteriaceae;Spongiimonas;;;1	17	5.2863326533658394e-5
GRUPO_3	Bacteria;Bacteroidota;Bacteroidia;Flavobacteriales;Weeksellaceae;Chryseobacterium;;;1	0	0
GRUPO_3	Bacteria;Bacteroidota;Bacteroidia;Flavobacteriales;Weeksellaceae;Elizabethkingia;;;0.98	3	9.328822329469128e-6
GRUPO_3	Bacteria;Bacteroidota;Bacteroidia;Flavobacteriales;Weeksellaceae;Empedobacter;;;0.87	0	0
GRUPO_3	Bacteria;Bacteroidota;Bacteroidia;Sphingobacteriales;Sphingobacteriaceae;Arcticibacter;;;0.71	23	7.152097119259665e-5
GRUPO_3	Bacteria;Bacteroidota;Bacteroidia;Sphingobacteriales;Sphingobacteriaceae;Mucilaginibacter;;;0.62	0	0
GRUPO_3	Bacteria;Bacteroidota;Bacteroidia;Sphingobacteriales;Sphingobacteriaceae;Mucilaginibacter;;;0.76	0	0
GRUPO_3	Bacteria;Bacteroidota;Bacteroidia;Sphingobacteriales;Sphingobacteriaceae;Mucilaginibacter;;;0.91	21	6.53017563062839e-5
GRUPO_3	Bacteria;Bacteroidota;Bacteroidia;Sphingobacteriales;Sphingobacteriaceae;Mucilaginibacter;;;0.92	109	3.38947211304045e-4
GRUPO_3	Bacteria;Bacteroidota;Bacteroidia;Sphingobacteriales;Sphingobacteriaceae;Mucilaginibacter;;;1	174	5.410716951092094e-4
GRUPO_3	Bacteria;Bacteroidota;Bacteroidia;Sphingobacteriales;Sphingobacteriaceae;Mucilaginibacter;koreensis;;0.58	1127	0.0035045275884372355
GRUPO_3	Bacteria;Bacteroidota;Bacteroidia;Sphingobacteriales;Sphingobacteriaceae;Mucilaginibacter;koreensis;;0.68	17	5.2863326533658394e-5
GRUPO_3	Bacteria;Bacteroidota;Bacteroidia;Sphingobacteriales;Sphingobacteriaceae;Mucilaginibacter;koreensis;;0.69	0	0
GRUPO_3	Bacteria;Bacteroidota;Bacteroidia;Sphingobacteriales;Sphingobacteriaceae;Mucilaginibacter;koreensis;;0.88	122	3.793721080650779e-4
GRUPO_3	Bacteria;Bacteroidota;Bacteroidia;Sphingobacteriales;Sphingobacteriaceae;Mucilaginibacter;terrae;terrae;0.69	0	0
GRUPO_3	Bacteria;Bacteroidota;Bacteroidia;Sphingobacteriales;Sphingobacteriaceae;Pedobacter;nutrimenti;nutrimenti;0.61	8	2.487685954525101e-5
GRUPO_3	Bacteria;Bdellovibrionota;Bdellovibrionia;Bdellovibrionales;Bdellovibrionaceae;Bdellovibrio;;;0.74	0	0
GRUPO_3	Bacteria;Bdellovibrionota;Bdellovibrionia;Bdellovibrionales;Bdellovibrionaceae;Bdellovibrio;;;0.83	7	2.1767252102094632e-5
GRUPO_3	Bacteria;Bdellovibrionota;Oligoflexia;0319-6G20;;;;;0.86	0	0
GRUPO_3	Bacteria;Cyanobacteria;Cyanobacteriia;Synechococcales;Cyanobiaceae;Cyanobium PCC-6307;;;0.63	3	9.328822329469128e-6
GRUPO_3	Bacteria;Firmicutes;Bacilli;Erysipelotrichales;Erysipelotrichaceae;ZOR0006;;;0.73	25	7.77401860789094e-5
GRUPO_3	Bacteria;Firmicutes;Bacilli;Staphylococcales;Staphylococcaceae;Staphylococcus;;;1	0	0
GRUPO_3	Bacteria;Firmicutes;Bacilli;Staphylococcales;Staphylococcaceae;Staphylococcus;warneri;;0.74	4	1.2438429772625504e-5
GRUPO_3	Bacteria;Patescibacteria;Saccharimonadia;Saccharimonadales;Saccharimonadaceae;TM7a;;;0.83	18	5.5972933976814764e-5
GRUPO_3	Bacteria;Planctomycetota;Phycisphaerae;Tepidisphaerales;Tepidisphaeraceae;Tepidisphaera;;;1	6	1.8657644658938256e-5
GRUPO_3	Bacteria;Planctomycetota;Planctomycetes;Gemmatales;Gemmataceae;;;;1	0	0
GRUPO_3	Bacteria;Planctomycetota;Planctomycetes;Isosphaerales;Isosphaeraceae;;;;0.9	0	0
GRUPO_3	Bacteria;Planctomycetota;Planctomycetes;Isosphaerales;Isosphaeraceae;;;;0.95	7	2.1767252102094632e-5
GRUPO_3	Bacteria;Planctomycetota;Planctomycetes;Isosphaerales;Isosphaeraceae;Tundrisphaera;;;0.81	172	5.348524802228967e-4
GRUPO_3	Bacteria;Planctomycetota;Planctomycetes;Isosphaerales;Isosphaeraceae;Tundrisphaera;;;0.93	241	7.494153938006866e-4
GRUPO_3	Bacteria;Planctomycetota;Planctomycetes;Isosphaerales;Isosphaeraceae;Tundrisphaera;;;0.97	0	0
GRUPO_3	Bacteria;Proteobacteria;Alphaproteobacteria;;;;;;0.9	0	0
GRUPO_3	Bacteria;Proteobacteria;Alphaproteobacteria;;;;;;0.91	0	0
GRUPO_3	Bacteria;Proteobacteria;Alphaproteobacteria;Acetobacterales;Acetobacteraceae;;;;0.94	0	0
GRUPO_3	Bacteria;Proteobacteria;Alphaproteobacteria;Acetobacterales;Acetobacteraceae;;;;0.99	0	0
GRUPO_3	Bacteria;Proteobacteria;Alphaproteobacteria;Acetobacterales;Acetobacteraceae;;;;1	0	0
GRUPO_3	Bacteria;Proteobacteria;Alphaproteobacteria;Acetobacterales;Acetobacteraceae;Acetobacter;pasteurianus;;0.8	9	2.7986466988407382e-5
GRUPO_3	Bacteria;Proteobacteria;Alphaproteobacteria;Acetobacterales;Acetobacteraceae;Belnapia;;;0.81	0	0
GRUPO_3	Bacteria;Proteobacteria;Alphaproteobacteria;Acetobacterales;Acetobacteraceae;Rhodovastum;;;0.75	379	0.0011785412209562665
GRUPO_3	Bacteria;Proteobacteria;Alphaproteobacteria;Acetobacterales;Acetobacteraceae;Rhodovastum;;;0.81	133	4.13577789939798e-4
GRUPO_3	Bacteria;Proteobacteria;Alphaproteobacteria;Acetobacterales;Acetobacteraceae;Roseomonas;cervicalis;;0.72	33	1.0261704562416041e-4
GRUPO_3	Bacteria;Proteobacteria;Alphaproteobacteria;Caedibacterales;Caedibacteraceae;Caedibacter;;;0.87	0	0
GRUPO_3	Bacteria;Proteobacteria;Alphaproteobacteria;Caedibacterales;Caedibacteraceae;Caedibacter;;;0.95	0	0
GRUPO_3	Bacteria;Proteobacteria;Alphaproteobacteria;Caedibacterales;Caedibacteraceae;Caedibacter;;;0.99	2	6.219214886312752e-6
GRUPO_3	Bacteria;Proteobacteria;Alphaproteobacteria;Caulobacterales;Caulobacteraceae;;;;0.96	0	0
GRUPO_3	Bacteria;Proteobacteria;Alphaproteobacteria;Caulobacterales;Caulobacteraceae;;;;1	1447	0.004499601970247276
GRUPO_3	Bacteria;Proteobacteria;Alphaproteobacteria;Caulobacterales;Caulobacteraceae;Caulobacter;;;0.56	9	2.7986466988407382e-5
GRUPO_3	Bacteria;Proteobacteria;Alphaproteobacteria;Holosporales;Holosporaceae;;;;0.52	0	0
GRUPO_3	Bacteria;Proteobacteria;Alphaproteobacteria;Micavibrionales;Micavibrionaceae;;;;0.54	0	0
GRUPO_3	Bacteria;Proteobacteria;Alphaproteobacteria;Rhizobiales;Beijerinckiaceae;1174-901-12;;;0.78	1859	0.005780760236827703
GRUPO_3	Bacteria;Proteobacteria;Alphaproteobacteria;Rhizobiales;Beijerinckiaceae;1174-901-12;;;0.93	0	0
GRUPO_3	Bacteria;Proteobacteria;Alphaproteobacteria;Rhizobiales;Beijerinckiaceae;;;;0.64	0	0
GRUPO_3	Bacteria;Proteobacteria;Alphaproteobacteria;Rhizobiales;Beijerinckiaceae;;;;0.65	0	0
GRUPO_3	Bacteria;Proteobacteria;Alphaproteobacteria;Rhizobiales;Beijerinckiaceae;;;;0.71	260	8.084979352206578e-4
GRUPO_3	Bacteria;Proteobacteria;Alphaproteobacteria;Rhizobiales;Beijerinckiaceae;;;;0.82	48	1.4926115727150605e-4
GRUPO_3	Bacteria;Proteobacteria;Alphaproteobacteria;Rhizobiales;Beijerinckiaceae;Beijerinckia;;mobilis;0.79	4998	0.015541818000895567
GRUPO_3	Bacteria;Proteobacteria;Alphaproteobacteria;Rhizobiales;Beijerinckiaceae;Bosea;;;0.66	0	0
GRUPO_3	Bacteria;Proteobacteria;Alphaproteobacteria;Rhizobiales;Beijerinckiaceae;Camelimonas;;;0.52	0	0
GRUPO_3	Bacteria;Proteobacteria;Alphaproteobacteria;Rhizobiales;Beijerinckiaceae;Methylobacterium-Methylorubrum;;;0.55	0	0
GRUPO_3	Bacteria;Proteobacteria;Alphaproteobacteria;Rhizobiales;Beijerinckiaceae;Methylobacterium-Methylorubrum;;;0.89	465	0.0014459674610677149
GRUPO_3	Bacteria;Proteobacteria;Alphaproteobacteria;Rhizobiales;Beijerinckiaceae;Methylobacterium-Methylorubrum;;;1	0	0
GRUPO_3	Bacteria;Proteobacteria;Alphaproteobacteria;Rhizobiales;Beijerinckiaceae;Methylobacterium-Methylorubrum;aquaticum;;0.99	51	1.5858997960097518e-4
GRUPO_3	Bacteria;Proteobacteria;Alphaproteobacteria;Rhizobiales;Beijerinckiaceae;Methylobacterium-Methylorubrum;brachiatum;;0.69	2084	0.006480421911537888
GRUPO_3	Bacteria;Proteobacteria;Alphaproteobacteria;Rhizobiales;Beijerinckiaceae;Methylobacterium-Methylorubrum;extorquens;;0.99	0	0
GRUPO_3	Bacteria;Proteobacteria;Alphaproteobacteria;Rhizobiales;Pleomorphomonadaceae;;;;0.51	129	4.011393601671725e-4
GRUPO_3	Bacteria;Proteobacteria;Alphaproteobacteria;Rhizobiales;Rhizobiaceae;Allorhizobium-Neorhizobium-Pararhizobium-Rhizobium;daejeonense;;0.55	0	0
GRUPO_3	Bacteria;Proteobacteria;Alphaproteobacteria;Rhizobiales;Rhizobiaceae;Aureimonas;;;0.82	0	0
GRUPO_3	Bacteria;Proteobacteria;Alphaproteobacteria;Rhizobiales;Rhizobiaceae;Brucella;melitensis;;1	0	0
GRUPO_3	Bacteria;Proteobacteria;Alphaproteobacteria;Rhodobacterales;Rhodobacteraceae;;;;1	0	0
GRUPO_3	Bacteria;Proteobacteria;Alphaproteobacteria;Rickettsiales;;;;;0.77	0	0
GRUPO_3	Bacteria;Proteobacteria;Alphaproteobacteria;Rickettsiales;AB1;;;;0.8	0	0
GRUPO_3	Bacteria;Proteobacteria;Alphaproteobacteria;Rickettsiales;AB1;;;;0.84	138	4.291258271555799e-4
GRUPO_3	Bacteria;Proteobacteria;Alphaproteobacteria;Rickettsiales;Rickettsiaceae;Candidatus Megaira;;;0.5	0	0
GRUPO_3	Bacteria;Proteobacteria;Alphaproteobacteria;Rickettsiales;Rickettsiaceae;Candidatus Trichorickettsia;mobilis;;0.83	51	1.5858997960097518e-4
GRUPO_3	Bacteria;Proteobacteria;Alphaproteobacteria;Sphingomonadales;Sphingomonadaceae;;;;0.95	0	0
GRUPO_3	Bacteria;Proteobacteria;Alphaproteobacteria;Sphingomonadales;Sphingomonadaceae;;;;0.99	49	1.5237076471466242e-4
GRUPO_3	Bacteria;Proteobacteria;Alphaproteobacteria;Sphingomonadales;Sphingomonadaceae;;;;1	0	0
GRUPO_3	Bacteria;Proteobacteria;Alphaproteobacteria;Sphingomonadales;Sphingomonadaceae;Sphingomonas;;;0.52	351	0.001091472212547888
GRUPO_3	Bacteria;Proteobacteria;Alphaproteobacteria;Sphingomonadales;Sphingomonadaceae;Sphingomonas;;;0.53	0	0
GRUPO_3	Bacteria;Proteobacteria;Alphaproteobacteria;Sphingomonadales;Sphingomonadaceae;Sphingomonas;;;0.54	940	0.0029230309965669935
GRUPO_3	Bacteria;Proteobacteria;Alphaproteobacteria;Sphingomonadales;Sphingomonadaceae;Sphingomonas;;;0.56	0	0
GRUPO_3	Bacteria;Proteobacteria;Alphaproteobacteria;Sphingomonadales;Sphingomonadaceae;Sphingomonas;;;0.62	0	0
GRUPO_3	Bacteria;Proteobacteria;Alphaproteobacteria;Sphingomonadales;Sphingomonadaceae;Sphingomonas;;;0.77	0	0
GRUPO_3	Bacteria;Proteobacteria;Alphaproteobacteria;Sphingomonadales;Sphingomonadaceae;Sphingomonas;;;0.8	475	0.0014770635354992786
GRUPO_3	Bacteria;Proteobacteria;Alphaproteobacteria;Sphingomonadales;Sphingomonadaceae;Sphingomonas;;;0.84	2450	0.007618538235733121
GRUPO_3	Bacteria;Proteobacteria;Alphaproteobacteria;Sphingomonadales;Sphingomonadaceae;Sphingomonas;parapaucimobilis;;0.56	0	0
GRUPO_3	Bacteria;Proteobacteria;Alphaproteobacteria;Sphingomonadales;Sphingomonadaceae;Sphingomonas;phyllosphaerae;;0.58	0	0
GRUPO_3	Bacteria;Proteobacteria;Alphaproteobacteria;Sphingomonadales;Sphingomonadaceae;Sphingopyxis;;;0.78	0	0
GRUPO_3	Bacteria;Proteobacteria;Gammaproteobacteria;;;;;;0.5	5	1.554803721578188e-5
GRUPO_3	Bacteria;Proteobacteria;Gammaproteobacteria;;;;;;0.89	0	0
GRUPO_3	Bacteria;Proteobacteria;Gammaproteobacteria;;;;;;1	2	6.219214886312752e-6
GRUPO_3	Bacteria;Proteobacteria;Gammaproteobacteria;Burkholderiales;;;;;0.87	13	4.042489676103289e-5
GRUPO_3	Bacteria;Proteobacteria;Gammaproteobacteria;Burkholderiales;Burkholderiaceae;Burkholderia-Caballeronia-Paraburkholderia;insecticola;;0.8	4	1.2438429772625504e-5
GRUPO_3	Bacteria;Proteobacteria;Gammaproteobacteria;Burkholderiales;Burkholderiaceae;Ralstonia;pickettii;;0.92	14	4.3534504204189265e-5
GRUPO_3	Bacteria;Proteobacteria;Gammaproteobacteria;Burkholderiales;Comamonadaceae;;;;0.92	13	4.042489676103289e-5
GRUPO_3	Bacteria;Proteobacteria;Gammaproteobacteria;Burkholderiales;Comamonadaceae;;;;1	47	1.4615154982834967e-4
GRUPO_3	Bacteria;Proteobacteria;Gammaproteobacteria;Burkholderiales;Comamonadaceae;Comamonas;testosteroni;;1	0	0
GRUPO_3	Bacteria;Proteobacteria;Gammaproteobacteria;Burkholderiales;Comamonadaceae;Pelomonas;;;0.95	0	0
GRUPO_3	Bacteria;Proteobacteria;Gammaproteobacteria;Burkholderiales;Comamonadaceae;Pelomonas;puraquae;;0.57	0	0
GRUPO_3	Bacteria;Proteobacteria;Gammaproteobacteria;Burkholderiales;Comamonadaceae;Xylophilus;;;0.55	66	2.0523409124832082e-4
GRUPO_3	Bacteria;Proteobacteria;Gammaproteobacteria;Burkholderiales;Oxalobacteraceae;;;;0.89	355	0.0011039106423205134
GRUPO_3	Bacteria;Proteobacteria;Gammaproteobacteria;Burkholderiales;Oxalobacteraceae;;;;0.97	0	0
GRUPO_3	Bacteria;Proteobacteria;Gammaproteobacteria;Burkholderiales;Oxalobacteraceae;Candidatus Profftella;;;0.72	120	3.7315289317876513e-4
GRUPO_3	Bacteria;Proteobacteria;Gammaproteobacteria;Burkholderiales;Oxalobacteraceae;Massilia;;;0.52	102	3.1717995920195035e-4
GRUPO_3	Bacteria;Proteobacteria;Gammaproteobacteria;Burkholderiales;Oxalobacteraceae;Massilia;;;0.57	66	2.0523409124832082e-4
GRUPO_3	Bacteria;Proteobacteria;Gammaproteobacteria;Burkholderiales;Oxalobacteraceae;Massilia;;;0.6	0	0
GRUPO_3	Bacteria;Proteobacteria;Gammaproteobacteria;Burkholderiales;Oxalobacteraceae;Massilia;;;0.8	34	1.0572665306731679e-4
GRUPO_3	Bacteria;Proteobacteria;Gammaproteobacteria;Burkholderiales;Oxalobacteraceae;Massilia;;;0.83	0	0
GRUPO_3	Bacteria;Proteobacteria;Gammaproteobacteria;Burkholderiales;Oxalobacteraceae;Massilia;;;0.96	474	0.0014739539280561223
GRUPO_3	Bacteria;Proteobacteria;Gammaproteobacteria;Burkholderiales;Oxalobacteraceae;Massilia;;agri;0.87	0	0
GRUPO_3	Bacteria;Proteobacteria;Gammaproteobacteria;Burkholderiales;Oxalobacteraceae;Massilia;aerilata;;0.51	102	3.1717995920195035e-4
GRUPO_3	Bacteria;Proteobacteria;Gammaproteobacteria;Burkholderiales;Oxalobacteraceae;Massilia;aerilata;;0.53	76	2.3633016567988456e-4
GRUPO_3	Bacteria;Proteobacteria;Gammaproteobacteria;Burkholderiales;Oxalobacteraceae;Massilia;pinisoli;pinisoli;0.55	233	7.245385342554356e-4
GRUPO_3	Bacteria;Proteobacteria;Gammaproteobacteria;Burkholderiales;Oxalobacteraceae;Massilia;putida;;0.75	0	0
GRUPO_3	Bacteria;Proteobacteria;Gammaproteobacteria;Burkholderiales;Oxalobacteraceae;Massilia;putida;;0.86	3	9.328822329469128e-6
GRUPO_3	Bacteria;Proteobacteria;Gammaproteobacteria;Burkholderiales;Oxalobacteraceae;Massilia;timonae;;0.51	0	0
GRUPO_3	Bacteria;Proteobacteria;Gammaproteobacteria;Burkholderiales;Oxalobacteraceae;Massilia;timonae;;0.93	0	0
GRUPO_3	Bacteria;Proteobacteria;Gammaproteobacteria;Enterobacterales;;;;;0.93	6	1.8657644658938256e-5
GRUPO_3	Bacteria;Proteobacteria;Gammaproteobacteria;Enterobacterales;Erwiniaceae;Pantoea;dispersa;;0.86	0	0
GRUPO_3	Bacteria;Proteobacteria;Gammaproteobacteria;Pseudomonadales;Moraxellaceae;Acinetobacter;johnsonii;;0.79	0	0
GRUPO_3	Bacteria;Proteobacteria;Gammaproteobacteria;Pseudomonadales;Moraxellaceae;Acinetobacter;junii;;0.88	0	0
GRUPO_3	Bacteria;Proteobacteria;Gammaproteobacteria;Pseudomonadales;Moraxellaceae;Enhydrobacter;;aerosaccus;1	5	1.554803721578188e-5
GRUPO_3	Bacteria;Proteobacteria;Gammaproteobacteria;Pseudomonadales;Moraxellaceae;Psychrobacter;faecalis;;0.89	0	0
GRUPO_3	Bacteria;Proteobacteria;Gammaproteobacteria;Pseudomonadales;Pseudomonadaceae;;;;0.91	7	2.1767252102094632e-5
GRUPO_3	Bacteria;Proteobacteria;Gammaproteobacteria;Pseudomonadales;Pseudomonadaceae;Pseudomonas;;putida;0.96	7	2.1767252102094632e-5
GRUPO_3	Bacteria;Proteobacteria;Gammaproteobacteria;Pseudomonadales;Pseudomonadaceae;Pseudomonas;brassicacearum;;0.77	6	1.8657644658938256e-5
GRUPO_3	Bacteria;Proteobacteria;Gammaproteobacteria;Pseudomonadales;Pseudomonadaceae;Pseudomonas;oryzihabitans;;0.69	83	2.580974177819792e-4
GRUPO_3	Bacteria;Proteobacteria;Gammaproteobacteria;Pseudomonadales;Pseudomonadaceae;Pseudomonas;protegens;;0.63	0	0
GRUPO_3	Bacteria;Proteobacteria;Gammaproteobacteria;Pseudomonadales;Pseudomonadaceae;Pseudomonas;psychrotolerans;;0.88	0	0
GRUPO_3	Bacteria;Proteobacteria;Gammaproteobacteria;Thiotrichales;Thiotrichaceae;Thiothrix;;;0.87	4	1.2438429772625504e-5
GRUPO_3	Bacteria;Proteobacteria;Gammaproteobacteria;Xanthomonadales;Rhodanobacteraceae;Luteibacter;rhizovicinus;;0.99	18	5.5972933976814764e-5
GRUPO_3	Bacteria;Proteobacteria;Gammaproteobacteria;Xanthomonadales;Xanthomonadaceae;Stenotrophomonas;maltophilia;;0.99	0	0
GRUPO_3	Bacteria;Verrucomicrobiota;Verrucomicrobiae;;;;;;0.51	0	0
GRUPO_3	Bacteria;Verrucomicrobiota;Verrucomicrobiae;;;;;;0.75	16	4.975371909050202e-5
GRUPO_3	Bacteria;Verrucomicrobiota;Verrucomicrobiae;;;;;;0.8	0	0
GRUPO_3	Bacteria;Verrucomicrobiota;Verrucomicrobiae;Chthoniobacterales;;;;;0.54	67	2.083436986914772e-4
GRUPO_3	Bacteria;Verrucomicrobiota;Verrucomicrobiae;Chthoniobacterales;Chthoniobacteraceae;;;;0.63	5	1.554803721578188e-5
